label_ids,predicted_label_ids,test_ids
11,2,11083
11,11,12340
13,13,12927
14,14,9789
15,15,262
8,8,1083
4,4,11206
15,9,16755
1,1,13129
2,2,7498
6,6,11600
5,5,5827
12,12,1111
14,14,8428
3,3,13802
2,2,7663
10,10,7540
12,12,5629
9,9,17972
4,4,9444
2,9,13015
13,15,3581
9,4,9147
7,7,17930
13,13,10747
5,5,4257
2,2,13356
11,11,1115
4,4,7636
14,2,8304
4,4,9132
11,11,16950
12,12,9730
1,1,4244
1,1,5473
8,8,13006
11,11,8852
11,9,8263
9,9,16875
13,13,11691
3,1,16653
5,5,16641
5,5,5785
14,14,17331
8,8,4110
13,13,5485
3,3,14610
4,4,4201
4,4,9198
5,5,5110
5,5,10046
2,2,2002
6,10,6978
15,15,17916
7,7,10281
12,13,5652
11,11,11446
14,14,8074
15,15,1560
6,6,17190
6,6,9375
6,5,11901
10,10,47
14,14,12805
8,8,4324
12,11,11066
15,15,4631
1,1,14019
14,14,11503
3,3,16082
7,7,5519
3,3,17343
8,8,7136
4,14,11106
6,6,16333
15,15,17785
10,10,347
8,8,2413
14,14,1490
3,3,3217
4,4,17580
13,13,3498
2,5,3341
4,4,17044
11,11,17438
14,14,17396
8,8,1637
4,14,11856
7,5,113
14,14,9665
11,11,14824
10,10,16680
15,15,12260
7,7,4350
3,3,2898
7,7,4607
15,15,17375
6,1,4994
11,11,2699
13,13,200
3,3,14722
8,8,3819
14,9,9418
3,15,16326
13,13,5862
7,7,795
7,7,8821
11,11,11529
14,14,11387
14,4,11975
3,3,16118
9,2,4704
15,15,245
15,15,12937
14,14,9765
7,7,7248
14,14,17606
14,14,10841
10,15,1275
13,13,9584
8,8,4747
8,8,1229
4,4,11777
3,3,2056
8,8,4226
7,7,5826
7,7,7196
14,2,11734
8,9,3406
7,7,14706
12,12,2750
2,2,9089
14,14,9938
6,6,16682
2,14,10689
15,15,9771
3,3,2575
12,12,7998
2,2,13532
6,6,1803
15,15,15264
10,10,10249
13,13,16906
5,7,14439
10,10,208
6,6,5608
5,5,16374
14,14,12862
15,15,1691
2,2,3030
7,7,18066
7,1,5790
10,5,9590
3,3,15005
11,9,12803
10,10,7706
14,8,2470
10,2,2432
11,11,9190
8,11,12257
13,13,5339
3,3,8677
3,7,151
10,10,7868
4,4,7511
14,14,11374
9,9,15223
2,2,2640
3,3,13238
4,9,7045
11,9,16100
2,2,7371
8,8,8148
5,5,5024
2,2,7225
8,8,1718
10,10,1469
15,15,16975
2,2,4053
2,4,7653
10,10,1005
10,10,14715
7,2,13448
11,11,3161
1,1,5841
14,14,10265
7,7,14792
15,15,16363
15,15,1872
2,2,727
11,11,16469
9,9,8520
7,7,716
8,8,4585
6,6,1912
7,6,17432
12,12,1882
5,5,3985
14,14,8772
14,14,2122
8,8,15920
6,6,15231
15,15,16955
11,11,13091
4,4,8386
1,1,16519
1,1,5252
7,7,14512
14,14,11706
15,15,5050
12,12,16244
12,12,17469
11,11,1292
15,15,6928
4,14,9545
8,6,12737
11,11,468
14,14,2301
11,11,4482
12,12,7250
7,7,14751
15,5,3144
8,8,8216
13,13,8497
2,2,2084
5,5,3613
5,5,5047
2,2,3209
9,9,16947
2,2,12695
14,14,7500
12,12,5948
9,9,3881
8,8,12744
9,9,10279
8,12,3872
7,7,5278
8,8,7817
15,15,13581
6,6,6693
7,7,14105
1,1,516
6,6,12847
9,9,13144
10,10,11925
15,15,4035
7,7,14238
12,12,9506
11,11,3920
15,2,11868
13,13,12662
4,4,7742
12,15,13650
7,7,6990
15,15,13682
10,10,560
14,14,8407
5,13,1765
6,6,9262
1,1,17550
10,6,5176
4,8,10618
7,7,3865
2,2,8225
14,14,13274
8,10,12713
12,12,6968
6,6,9609
10,10,12504
13,13,10266
4,12,11700
12,15,2767
14,14,8373
11,11,7264
12,12,4190
5,5,12637
6,6,6703
14,9,9542
4,4,8367
7,7,719
13,13,3675
12,12,6115
13,13,1598
6,6,3006
11,11,12116
7,7,9726
13,13,16924
10,10,1420
8,8,12661
2,2,9841
13,13,11483
6,6,7782
15,15,4901
14,14,9992
1,1,15804
14,14,9679
6,6,1652
5,13,539
7,7,6659
14,14,6790
15,12,6883
11,11,5472
6,6,15463
12,10,1273
14,14,17346
4,9,9105
10,10,4236
2,2,14286
4,4,10716
2,7,15573
3,3,14382
1,1,5951
4,4,11651
13,13,1959
10,1,16011
13,13,10198
3,3,9497
5,5,13747
14,14,6258
15,15,1630
12,12,610
8,8,10638
14,9,4020
15,15,17616
15,15,10174
2,2,635
1,1,13979
11,11,9762
8,8,6939
11,9,5657
12,12,17493
7,2,15706
15,15,580
14,14,8290
6,6,15755
1,1,4624
15,15,14893
9,9,12820
11,11,4851
8,12,13125
4,14,7396
8,6,61
9,9,14582
2,2,12408
5,5,309
6,6,10799
10,10,2585
4,4,10664
6,6,13176
1,1,4281
15,15,4562
14,14,8658
5,9,3200
4,4,11004
13,13,12252
15,15,9301
2,2,10537
6,6,16447
14,4,9671
4,4,11362
13,13,4932
2,2,13363
8,9,3695
4,4,8960
5,5,6799
12,14,5409
11,11,8308
11,11,10247
14,14,12678
15,15,529
13,13,16198
7,7,5305
11,11,16734
14,14,13307
3,3,7891
10,10,2515
14,14,2443
3,3,14219
6,12,574
13,13,5395
5,5,12278
5,5,15138
14,14,17913
8,8,7170
7,7,15248
14,14,15973
12,12,7116
14,14,13855
15,15,9728
13,13,1747
8,8,1806
5,5,15136
9,9,1335
2,2,14779
3,3,5092
10,10,10577
8,8,5801
14,14,17581
6,6,4906
7,7,2583
5,5,4229
5,5,17523
5,5,17882
2,2,13318
12,3,1925
10,8,4216
14,14,7439
10,10,14280
1,1,4471
15,15,679
11,11,2170
7,3,2657
11,11,4192
9,2,9853
6,6,9592
13,13,4805
4,4,4041
6,6,11598
1,1,16714
4,4,7400
2,14,9855
4,4,12843
1,1,14557
2,4,1087
3,2,632
8,8,7085
12,15,2136
6,6,13863
1,1,5128
5,6,386
8,8,4953
11,11,6948
10,10,7257
1,1,7003
8,8,1282
15,15,11055
13,13,5579
12,7,5404
14,14,11022
7,7,9660
14,14,12198
11,11,17274
13,13,2823
15,15,9723
6,6,2054
3,3,14186
4,4,8076
8,9,4687
12,14,16886
7,7,5824
9,9,13143
10,10,893
15,15,12121
6,6,11761
7,1,17983
15,15,16478
2,2,13121
4,4,9784
10,11,17049
14,14,9703
2,2,8766
8,8,1861
14,14,7430
8,8,3917
5,5,4640
5,5,482
12,12,4428
6,6,1269
9,9,9627
14,14,6734
7,13,15106
9,14,1858
1,1,14812
8,8,4442
1,1,5259
7,7,8141
5,5,1430
15,15,15217
14,14,8448
4,4,7635
1,1,3680
6,6,5544
8,12,2434
10,10,273
8,8,879
10,10,7917
2,1,5463
12,12,4116
10,10,9867
11,11,7104
14,14,824
8,8,4961
11,11,2562
3,3,7121
14,14,9189
11,11,11234
8,8,180
11,11,10770
6,6,5706
8,12,4014
5,5,1135
11,1,1710
2,7,14683
13,13,2822
9,9,5116
9,9,2821
4,11,10890
7,7,14288
4,6,11812
11,4,17148
2,14,17901
8,8,3051
6,8,16677
10,10,2110
15,3,2692
14,10,16087
14,14,17620
5,5,2512
14,14,11944
13,13,3770
11,8,13631
13,13,290
7,7,14696
8,8,2248
6,6,4907
8,12,882
14,14,17023
5,5,5677
2,2,14203
5,5,3287
9,9,8839
1,1,16670
2,2,11905
11,13,16647
8,8,2314
1,1,2441
1,1,11093
7,7,17428
5,5,4276
8,6,3718
2,2,2069
14,14,13658
6,6,16182
13,13,4896
9,9,7147
5,5,5296
9,9,483
14,14,9124
3,3,2296
4,4,4044
13,13,5156
3,3,1447
8,8,12086
9,14,8174
3,7,8294
3,3,617
6,6,12078
13,13,11320
5,5,8139
1,1,5507
7,7,14403
4,4,11171
8,2,12361
6,1,4275
9,9,17417
3,2,10005
10,10,15715
8,2,13128
6,6,17867
11,11,4342
4,13,10946
10,5,5385
15,15,9758
15,15,13728
5,5,4641
9,9,13865
15,9,10601
8,10,13795
7,6,5005
15,15,409
11,11,8888
6,6,5567
8,8,8414
7,7,12269
4,4,15629
7,7,14296
15,15,3317
12,8,3986
1,10,16659
14,14,17944
15,15,17386
9,9,17435
12,12,16642
3,3,3482
2,2,14168
7,7,14875
15,15,8862
10,8,5230
2,10,17217
6,6,17214
8,8,5401
8,8,2367
3,3,16056
12,12,5803
15,15,564
7,7,16324
7,7,2331
7,7,16236
1,1,17722
14,14,12671
15,15,12741
2,2,17025
4,4,13103
12,10,2178
4,4,10882
13,13,11664
9,9,10054
15,15,957
1,1,15906
5,5,4164
14,14,7892
10,10,13547
6,6,13493
2,2,12485
6,6,17741
13,13,10923
6,6,11634
4,4,11128
8,8,7205
14,9,13563
5,5,5465
15,15,13396
15,15,3671
15,13,268
8,4,2397
14,6,15695
7,7,14671
8,8,282
7,7,9313
13,13,12384
15,7,8982
12,12,2615
5,5,7041
8,8,3372
8,8,16413
13,15,1461
5,5,3319
13,13,8118
7,7,14041
3,3,7333
7,7,14630
6,6,3766
10,1,15838
7,7,17736
5,5,3980
13,14,463
12,12,11179
3,3,9850
7,7,14713
5,8,12093
6,8,2777
12,12,6815
13,13,1612
12,12,16405
10,10,4359
6,6,6995
2,2,9369
10,10,9302
2,2,14447
6,6,15006
15,15,4661
9,9,5804
2,2,12898
3,3,9450
8,8,1038
8,8,4696
7,7,14814
5,5,5125
10,10,13672
13,15,17532
13,13,13050
3,3,9731
1,12,864
15,14,3577
15,15,5000
4,4,7530
15,15,1143
7,7,5354
13,15,16892
1,1,15773
9,8,13156
6,6,3900
5,5,5681
13,13,2228
11,9,17794
4,4,8382
4,4,7471
1,1,1451
3,3,14383
14,14,10885
2,2,13412
7,7,15935
3,3,8641
4,4,7531
6,6,9002
14,14,13365
7,7,14664
14,14,5846
12,12,13115
3,7,13430
3,3,4224
3,3,14221
8,8,5180
7,7,18087
7,2,8190
5,5,4567
2,2,8195
3,3,2068
2,2,9287
4,4,7513
1,1,3501
1,1,5219
6,6,2618
11,6,4233
13,13,6744
11,11,2563
8,8,1958
12,12,16130
6,6,13898
13,13,5934
6,6,6808
6,6,12323
3,7,1960
7,7,1215
1,1,5730
3,7,8003
14,14,7662
6,7,17170
7,7,4869
7,2,14340
2,2,17976
14,9,10475
6,6,9608
13,13,11888
4,4,2079
2,2,14257
4,4,10178
2,1,17862
13,13,8681
14,14,9269
8,8,276
4,14,7587
13,13,4853
11,11,10904
10,10,5655
5,5,16317
7,3,18046
3,3,13442
7,7,15058
11,11,3551
13,13,9871
4,2,17455
9,9,2507
9,9,1348
4,4,11785
12,12,7129
14,4,12569
13,13,13051
8,3,778
15,15,14034
4,4,554
11,11,17481
8,8,2090
2,2,1198
1,1,4950
3,3,10855
2,2,7424
12,12,2862
10,13,1792
8,8,107
14,14,1456
6,6,3244
8,8,7069
4,14,4105
10,10,201
1,1,4308
14,4,13474
9,9,9676
15,15,4147
1,1,7167
10,10,1607
5,2,8316
14,3,2680
7,7,11986
14,14,11942
12,1,4282
4,4,690
4,4,8311
14,14,12561
3,3,15254
12,12,781
9,9,5707
7,7,1808
11,8,16139
10,6,3726
13,13,11687
9,9,16211
11,11,3072
6,5,4248
11,11,6849
2,2,14151
15,15,11498
15,15,15807
3,3,15711
2,4,6385
1,1,1831
14,14,9791
1,1,7137
14,14,11924
11,11,12185
4,14,8306
2,3,13762
2,2,8398
3,9,14707
13,13,304
14,14,7418
11,11,11528
11,11,17676
9,9,5618
15,15,12169
6,6,7244
14,14,11963
14,14,7649
14,14,8922
2,2,9760
4,4,17380
14,5,9800
5,5,10105
14,9,12956
4,4,11659
4,4,9856
4,4,8016
8,8,12808
14,14,8773
2,3,9370
4,4,11211
1,1,16278
2,2,3802
2,14,2053
7,7,5644
12,12,15942
14,4,7527
3,3,1404
15,15,14114
5,5,5678
8,8,15727
2,2,11327
4,4,7480
3,3,16334
4,4,7833
5,5,15110
1,6,15874
10,10,2493
14,14,13592
1,1,2496
6,6,11597
7,7,10047
4,4,9056
9,9,923
6,6,18009
12,12,8175
4,4,8305
12,1,17291
7,7,14769
2,7,3301
3,12,13205
11,10,16496
4,4,11370
5,10,12076
12,15,17394
11,11,17215
11,11,7112
4,4,10660
5,5,16345
5,5,5814
14,14,16077
15,15,12132
4,12,11316
14,14,11054
12,12,5066
5,5,6816
7,7,6865
3,4,7229
8,8,1884
5,5,4782
13,13,1009
11,11,17631
15,15,10570
6,6,2826
4,4,8254
9,9,13058
5,5,12267
1,1,3764
5,5,5458
2,2,17054
11,11,10950
9,9,1342
9,9,11325
4,9,7502
15,15,1673
8,8,3818
9,2,12131
7,7,17973
4,4,12692
15,15,3834
8,8,389
7,7,14499
2,9,774
14,14,9041
13,10,1658
15,15,7911
13,13,4293
1,6,5509
3,3,9032
15,15,4438
8,8,721
12,12,16471
1,1,5371
4,5,9786
4,4,10048
7,7,14633
11,11,10188
12,12,2430
11,11,16585
3,3,14570
5,5,5581
15,15,16545
14,14,15954
14,14,10960
15,15,331
15,3,3318
13,10,12736
8,8,1374
12,12,16275
4,4,10785
10,8,12680
14,14,4069
15,15,12493
8,8,14004
1,8,3007
8,8,723
14,14,8526
12,6,17244
15,15,17664
2,12,16037
3,3,16485
12,12,4563
6,6,7884
1,1,1204
5,5,2450
14,12,17926
6,6,10848
15,15,1165
10,9,1741
12,8,9233
10,10,9441
4,4,12544
3,11,2845
11,11,2859
3,3,15919
2,2,12870
12,8,10879
9,9,6116
11,11,15253
9,5,10983
1,1,5820
13,13,4107
11,11,3669
3,3,1751
8,8,8144
9,4,3087
12,12,16174
1,1,1425
15,15,1389
2,2,12566
9,9,3510
7,7,17080
11,11,4755
13,12,16627
5,5,12373
8,8,5653
5,5,6923
7,7,14755
6,6,15073
12,12,15875
9,9,10678
8,8,2543
11,9,7815
7,7,14290
6,6,95
14,4,3508
2,2,4365
12,15,15637
4,4,4034
8,8,15985
8,8,4138
3,14,17578
7,7,4915
9,9,7110
14,14,9467
1,1,14692
14,4,7168
11,11,6128
7,7,701
6,6,2121
14,14,13258
3,3,14101
15,15,10443
1,1,5807
15,6,15886
6,6,14023
2,4,12727
14,14,8260
4,4,13908
9,9,14336
2,2,852
15,15,2324
1,2,13874
14,14,15760
12,12,8978
1,1,10639
11,11,7577
10,10,7867
14,7,10548
10,10,210
7,7,18003
9,9,16540
10,10,922
5,8,119
12,4,8527
15,15,12883
12,12,15979
5,5,5295
14,2,1435
5,5,17675
9,8,3039
15,15,13008
5,11,11929
14,14,11500
12,12,6855
13,13,7279
10,10,4990
10,10,2012
12,12,16426
2,2,11849
7,7,14556
14,14,10474
8,8,7881
4,3,60
13,13,3156
13,13,7030
4,14,8384
4,4,8417
4,4,12902
12,12,2504
9,4,13531
12,12,16101
1,1,16703
4,4,11373
9,9,9422
3,3,14536
9,6,925
15,15,868
6,1,12799
11,11,10797
3,3,3308
15,15,9224
11,11,2181
8,12,10271
14,14,12541
3,3,12606
15,3,9410
3,3,18041
13,13,4530
13,13,10274
3,3,14622
6,6,5636
9,14,11955
1,1,5344
1,1,3633
8,8,17252
4,11,11988
8,8,1130
2,4,11210
7,7,1729
2,2,12209
4,4,11036
14,14,6778
12,12,17597
8,8,3147
8,8,15725
5,5,12934
15,15,744
15,15,11479
9,14,11229
9,9,12868
5,5,5022
2,2,14503
8,8,5878
12,4,10766
2,2,935
1,1,15213
2,2,9160
15,15,9282
8,13,2317
7,7,17031
6,9,1064
14,14,3474
14,14,12655
12,12,11778
1,10,1781
3,3,4726
5,8,3848
5,5,10156
8,8,3640
9,9,16046
9,9,17480
3,3,2555
7,10,16297
12,12,8065
13,13,777
12,12,5589
15,15,8186
3,3,3204
4,9,13651
1,1,5035
1,1,1556
8,8,16973
4,4,10682
6,6,3584
8,8,13149
13,13,3206
14,9,8954
8,8,13327
10,6,9658
5,5,13282
13,5,3058
10,10,1770
8,8,3997
13,13,16123
9,9,8237
10,12,15195
4,4,10997
8,2,4016
8,8,2044
12,14,16513
8,8,4697
2,3,14077
6,6,16964
8,8,7011
11,11,1836
6,14,10172
5,11,3422
7,7,13560
15,15,3863
15,15,365
15,15,6805
8,2,9378
8,8,3644
5,5,10724
9,9,16355
6,7,14667
12,12,2644
1,1,5407
14,14,12353
15,15,565
3,7,14482
12,12,6252
3,3,7837
4,4,17043
9,9,8464
14,14,2382
2,2,10862
15,15,17227
15,15,7978
7,2,2566
11,11,17450
8,8,16984
7,7,11697
11,11,13443
3,3,9622
6,6,10820
15,15,12411
2,2,454
10,10,1823
3,3,2148
4,4,111
14,14,17149
6,6,3440
14,14,13261
7,2,1326
11,11,1352
2,4,3043
14,4,7753
5,5,12285
6,6,17276
6,6,15689
2,2,1018
14,15,7645
3,8,5952
10,10,16979
5,9,7765
12,12,5829
5,5,3998
13,13,1587
7,7,1296
7,7,2840
3,3,9319
7,7,18022
9,2,9188
7,7,15230
7,7,14719
14,14,1544
10,14,11586
8,8,3678
2,2,17645
5,5,6752
2,2,14306
1,1,11250
11,1,15990
2,9,9129
11,11,1154
3,3,16111
15,15,17029
2,2,14104
3,7,1594
5,5,1329
5,5,4501
15,15,3742
4,4,17270
8,8,12688
11,10,15212
13,13,6123
4,4,11147
8,8,15316
3,15,12884
10,10,3371
10,10,7521
11,11,15219
7,7,13925
3,3,2748
3,3,3018
2,2,17889
4,4,8184
2,2,17947
9,9,12867
10,10,10545
15,4,16994
7,7,1617
7,7,14353
12,14,2931
14,14,17635
8,8,5032
14,14,11758
9,9,10205
10,10,1649
10,10,1830
6,6,137
4,4,11726
9,14,11964
2,2,12347
14,2,12396
8,8,5638
10,10,12368
10,5,15848
5,5,13813
1,1,13637
8,8,1440
4,4,9088
5,9,7938
5,5,4489
12,12,4171
4,4,17874
14,14,8915
5,5,13831
9,14,10704
14,14,397
5,5,16081
7,7,3042
4,4,1494
15,15,628
1,10,8053
8,8,2734
12,12,2535
12,12,10460
5,5,10859
1,1,5964
10,10,13983
7,7,15027
5,5,4849
7,7,2591
11,11,7796
10,10,1957
10,10,5148
7,7,14470
1,1,5923
1,8,3830
8,8,4467
13,13,1264
12,1,5898
15,15,12243
15,15,2149
2,2,9845
15,15,17139
2,14,6766
14,14,10008
2,2,10463
6,9,12839
15,15,12189
15,15,11801
2,2,9401
15,15,3600
5,5,3806
14,14,622
11,11,5594
10,7,642
12,12,12874
15,15,12030
14,14,11576
6,6,17295
12,12,16748
13,13,13955
8,8,422
2,11,17808
10,10,14
2,2,2106
11,12,16701
14,14,17197
2,2,359
10,10,6870
13,13,7191
5,5,9241
10,10,271
11,11,10932
6,6,8006
14,14,1129
2,2,13370
14,14,6729
8,8,1145
4,12,10910
8,8,2913
13,13,528
4,2,11984
9,9,15744
15,15,5328
11,11,527
8,8,3845
9,9,3175
9,9,12904
2,2,11355
14,14,13162
5,5,5967
4,4,7468
4,2,9832
13,13,13730
14,14,7443
9,9,13954
13,13,17457
4,4,9496
1,1,4182
3,3,84
1,1,17796
12,12,5663
3,3,14319
3,3,3153
9,2,12931
2,4,11920
8,8,3366
5,5,371
8,8,785
14,14,10483
6,6,915
8,8,4239
7,7,17157
13,13,7457
11,10,16594
6,6,1802
2,2,4729
12,12,9411
9,9,11681
14,14,17151
4,4,8758
2,2,2065
2,2,12309
15,3,6682
1,11,6847
12,1,7700
7,1,12793
5,5,4297
11,11,12266
15,15,5483
15,15,5387
7,6,15415
11,11,7993
15,15,7735
14,14,11979
14,14,4033
12,12,3295
14,14,16339
14,11,4358
3,3,1794
4,6,10066
4,4,9125
7,7,10014
8,8,13688
12,12,205
5,5,5004
15,15,16570
11,11,16687
12,14,16146
2,14,582
14,14,13283
8,8,15587
14,14,16155
9,5,2855
3,3,12390
15,13,4730
1,1,15866
8,8,2747
4,9,11131
4,4,11492
7,7,1180
3,3,13707
14,14,12878
6,6,11968
10,13,3520
10,10,2622
14,9,17234
12,4,1017
13,13,7878
4,4,10256
4,2,2593
10,10,16249
1,1,1150
15,15,366
15,15,10457
14,14,9537
14,14,9587
7,7,16341
1,1,4504
2,2,15325
8,8,17673
13,13,7131
11,11,17253
4,4,12811
5,9,3623
2,2,5648
14,2,13982
12,8,1244
7,7,13685
14,14,6900
2,2,2410
6,6,5287
7,7,16514
8,8,1323
6,6,4748
14,14,3066
12,4,6831
4,4,10675
11,11,8513
14,14,12936
5,9,13265
4,4,10496
3,3,10861
3,3,1044
14,14,480
3,3,17605
14,14,13161
10,10,6681
7,7,9008
4,4,10473
1,1,16267
12,12,17409
14,14,9416
3,3,7737
13,13,237
5,5,5894
2,2,8971
14,14,16927
8,10,3476
7,7,18015
11,11,9530
4,4,9106
10,10,16134
4,4,13674
8,9,2497
6,6,7987
14,4,9792
13,5,16502
7,7,8610
7,7,15114
8,14,4242
10,10,15139
6,6,13766
1,1,7875
6,6,13488
12,12,2307
9,1,10230
3,2,12025
13,13,3897
13,13,12300
15,6,867
7,7,10149
2,2,8222
14,14,4067
1,11,641
4,4,9178
6,6,2240
3,3,9734
9,4,10858
1,1,4352
11,11,1745
3,3,538
7,7,5356
12,12,10723
6,8,13989
15,15,9326
15,15,4443
13,13,15434
4,4,8368
7,7,14324
1,1,5675
9,9,793
5,5,3925
4,4,8515
4,4,17871
5,15,15957
6,6,731
8,8,2686
4,4,8715
10,10,16966
10,5,4441
6,6,2736
8,10,352
7,6,4930
2,2,17614
9,9,8743
8,8,8698
5,5,4396
6,6,13657
3,2,1479
3,3,3456
13,13,14818
7,7,14384
8,8,3562
14,14,10684
15,15,4450
2,2,8636
2,2,10465
14,14,9947
7,7,2866
15,6,13212
4,4,11208
15,15,5939
15,15,9208
13,10,5837
2,7,1201
11,8,227
15,15,8878
5,5,9869
6,6,16055
10,8,248
7,7,14725
12,12,3379
5,5,4910
3,3,17557
12,12,2203
11,11,10867
13,1,3838
2,2,8502
3,2,9161
12,12,5186
13,13,4786
7,7,18010
5,5,13588
3,3,3469
7,7,14177
5,5,5078
8,8,2323
8,8,63
7,7,14398
14,14,13197
6,7,8986
9,9,7119
8,8,1659
8,8,17
8,8,5548
11,8,1915
2,2,13891
12,14,10652
6,6,16740
6,6,2356
11,10,15863
5,5,4208
10,7,1301
13,13,5495
1,1,5410
10,10,14097
15,15,2949
12,3,3136
1,1,15678
8,6,2554
11,11,16920
8,8,1007
3,15,5333
9,9,8189
5,5,7022
6,3,2365
2,2,14811
8,8,457
4,4,10267
2,2,4075
12,1,13332
11,11,2364
9,11,12529
6,6,5342
1,1,16552
6,6,13698
15,15,13
10,4,17242
2,2,14178
14,14,8720
2,2,2302
9,9,11622
10,10,1824
13,13,7830
9,5,2471
12,12,5988
9,9,1996
11,4,2167
2,2,7432
9,9,12186
15,15,11613
9,9,3121
7,7,14217
13,13,4306
6,6,16091
12,1,3162
7,7,6926
5,5,7777
5,5,12653
9,9,12538
2,5,4595
8,14,8992
5,5,5970
5,5,1527
7,7,14318
3,3,4971
7,7,17753
8,14,6764
11,11,11431
6,6,5185
4,4,7631
8,8,4047
11,11,3055
4,4,8722
4,4,11408
14,14,17349
5,5,4604
13,15,6255
12,12,16391
7,7,615
1,1,7544
6,6,1355
7,7,3537
14,14,7709
8,8,16228
7,7,14783
11,11,9247
3,3,7269
14,2,17561
11,11,12148
14,14,17260
7,7,2095
4,4,12828
8,11,770
2,2,14129
12,12,6391
8,8,1825
8,8,2685
4,4,11923
10,10,13673
6,6,15732
2,2,12582
6,6,11569
15,15,12687
2,2,7456
5,5,10
14,14,17634
4,4,8073
2,2,17821
9,9,950
13,13,5558
5,10,12751
14,14,6952
6,1,15721
6,6,8788
9,10,17574
10,10,10013
2,2,12296
2,2,13101
1,1,5870
12,15,5119
11,11,12942
1,1,5006
2,2,11867
3,3,8054
1,1,14406
6,6,15515
8,8,2288
11,11,294
8,8,17083
6,6,10849
6,6,13749
4,4,11990
12,8,7914
14,14,11981
11,11,3384
15,15,10749
15,15,17065
12,12,5573
1,1,15797
11,8,2945
13,13,5008
10,5,7
6,6,17952
9,11,6119
4,4,10089
15,15,12020
1,1,1670
11,4,10587
1,1,9621
8,8,2973
4,4,8115
15,5,17647
6,6,12935
15,15,8051
2,12,4241
5,5,1647
6,6,11826
10,8,13338
2,2,455
13,9,10690
8,8,7327
13,13,8877
2,2,9225
14,14,13952
6,6,16611
10,10,11863
7,7,14466
11,9,10234
3,3,8818
12,12,8923
2,12,13545
2,14,675
5,5,5165
15,15,13985
14,14,12537
14,4,17184
2,2,17708
15,15,12349
5,11,322
12,12,17804
5,5,1137
2,2,18047
15,15,6665
11,11,311
12,8,7969
3,8,3067
15,15,5285
5,5,4868
10,10,12873
8,8,2058
7,1,8829
2,8,5362
7,7,14472
3,3,14039
8,8,17376
14,14,11032
9,9,5662
14,14,7784
2,2,10212
6,6,14214
11,11,2043
5,5,4264
5,5,16538
1,1,12555
3,8,13620
9,9,2123
14,14,11733
13,15,16399
1,1,4890
14,14,11845
3,3,16188
13,8,2670
14,14,9790
10,6,14243
4,14,544
9,9,11960
8,8,2303
12,12,2503
3,3,865
15,15,14002
3,3,7723
8,6,779
8,8,15099
7,15,10526
3,3,6746
4,4,10762
8,8,2191
12,15,2662
9,9,9729
14,14,8425
15,15,17177
9,9,12356
10,1,2348
11,11,9468
8,8,3873
15,15,627
6,6,17160
6,6,5167
9,9,10514
8,8,4627
8,8,2714
6,6,16366
5,5,5475
5,5,16649
6,6,16631
10,10,1978
14,14,17042
13,13,17247
9,9,15995
11,11,10243
11,11,11398
13,10,9732
9,9,11580
2,2,13548
7,7,6859
7,7,8637
15,15,17005
12,12,4998
15,15,589
11,12,9648
10,10,13856
10,10,772
1,1,5909
8,8,4845
14,1,13922
6,6,4995
14,14,654
1,1,12798
1,10,6922
12,11,10627
13,13,4565
7,7,339
4,4,13093
13,13,7263
15,15,12540
2,2,13203
5,5,8052
9,9,8411
3,3,12122
15,15,4414
2,2,9949
13,13,14695
9,2,17660
2,4,9044
9,9,11059
1,1,3948
14,14,10291
13,13,11226
7,7,2519
2,2,12905
3,3,4406
8,8,1517
6,6,11927
3,3,3235
13,13,8471
6,1,4302
15,15,12826
2,9,7100
6,1,3148
10,10,15731
7,7,8911
5,5,5614
13,13,11006
10,10,13397
8,8,11027
3,3,5137
4,4,8401
10,10,4079
2,2,7609
13,13,11753
13,13,3289
9,9,5805
6,6,12759
10,10,13423
12,12,16577
3,3,8657
13,13,9802
13,13,3103
13,13,15144
10,10,17223
3,3,16289
2,2,12630
7,7,12912
4,2,9063
4,12,4153
1,1,16529
14,8,3546
8,8,4369
14,14,12351
1,15,5099
15,15,5987
10,10,7529
5,5,4289
2,2,11980
15,13,269
2,9,15889
2,2,11892
4,4,7379
13,13,3071
12,5,16168
13,13,4509
6,1,13288
12,12,1079
2,2,11887
3,3,3184
6,6,6791
15,5,17776
7,7,7288
7,7,23
9,9,15571
6,6,5962
10,10,17745
13,13,5368
13,13,11384
15,15,12698
7,3,5802
2,2,14742
6,6,4840
8,8,1502
1,1,15823
7,7,9457
9,3,4773
5,5,5241
7,1,5843
13,15,11916
12,12,10915
13,13,174
11,11,1963
9,9,12163
2,2,14241
15,15,11563
3,3,5283
15,15,17739
8,8,3737
1,1,16665
9,13,5397
7,7,15677
14,14,10020
14,14,15947
2,2,15168
6,6,10977
5,5,5947
6,6,13371
4,4,12221
12,12,14071
13,10,10186
13,10,3753
5,5,7863
12,12,11654
8,8,2120
8,9,17501
13,13,3708
7,5,14325
9,9,590
6,6,2038
2,2,7757
15,15,7997
1,1,5205
6,8,1815
6,6,12712
13,13,3468
9,9,228
4,4,13942
6,6,13742
13,13,4561
8,8,2914
11,11,4864
9,9,2152
15,15,9255
3,2,11956
12,4,1035
14,14,1852
3,3,11915
11,11,423
3,3,2663
6,10,7808
1,1,1398
12,12,12419
5,14,13214
6,6,15742
14,14,13621
10,10,9001
5,5,4833
2,2,12732
8,8,1873
7,7,15141
4,4,13861
5,5,1708
15,15,12735
9,9,10763
1,1,1804
1,4,11113
14,14,9976
2,2,11966
14,4,10431
11,8,9186
4,4,11626
8,8,968
4,4,4124
7,7,3543
12,12,5689
13,13,1426
3,3,8864
4,4,7792
7,7,168
3,3,4709
13,13,16216
11,11,395
7,7,442
15,15,17988
3,3,2082
2,4,17338
2,2,1489
15,15,16286
1,1,5922
5,5,10219
6,6,16483
5,5,8745
4,9,7355
4,12,11468
14,14,11712
14,14,17477
2,2,12950
5,5,3038
6,6,10922
5,10,3167
9,2,14733
14,14,11830
1,4,1732
4,4,11119
9,9,13469
14,14,8546
13,5,7874
10,10,3415
9,9,1828
9,11,17515
1,15,5160
13,13,14639
11,11,11784
10,10,11247
6,6,17453
6,6,7945
4,4,17322
5,5,4965
12,11,8727
15,1,5030
8,8,6909
13,13,3471
8,8,1897
3,3,1985
7,7,10590
11,11,16086
7,7,17987
12,12,3222
12,12,7689
1,1,776
2,2,661
8,8,12420
2,2,7338
8,8,3427
7,7,440
4,4,8538
13,15,15888
15,15,9406
7,7,9234
10,14,13275
15,15,16592
4,4,12649
2,12,17917
7,7,4225
14,14,17904
6,6,9300
2,2,10427
14,13,10619
3,3,7106
5,5,4398
6,6,8994
9,9,12543
9,9,8312
3,3,10455
13,13,4740
9,9,2379
9,9,10190
9,9,8762
1,1,5568
6,6,17751
9,5,12860
12,12,5861
11,11,1551
6,11,3049
1,1,5733
9,9,14308
4,4,7690
11,11,11656
13,13,15593
4,4,7419
7,5,5965
14,14,12400
10,8,4012
9,9,5779
15,15,11382
2,2,12360
7,7,15746
10,10,6850
14,14,9117
14,14,12045
11,11,7931
9,9,7843
3,3,2934
14,10,12497
4,4,11237
10,13,3394
9,9,16078
14,14,9698
4,4,11366
10,10,13659
4,4,12918
13,13,17381
13,13,16256
7,7,1579
4,1,11168
14,14,13145
6,6,13900
7,7,8596
13,15,8991
5,8,11406
11,11,129
12,12,9223
15,15,72
5,5,3376
8,8,7328
13,13,13475
8,8,2801
5,5,17236
10,10,14334
15,13,141
12,12,13649
3,3,2369
3,9,12335
6,6,9868
13,13,13860
15,15,13063
3,3,15240
13,13,8815
11,11,1772
7,7,6686
2,2,1378
13,13,75
12,12,3192
3,3,695
13,15,15125
9,9,5213
14,14,17248
8,8,14116
4,4,9812
8,8,12027
9,9,17280
7,7,9544
1,1,17558
13,13,13524
5,5,17884
4,8,2466
1,1,8608
6,6,5658
2,9,5157
9,11,2378
2,2,14156
12,12,2533
9,9,16204
4,4,12925
7,7,4051
14,14,13755
5,5,5264
14,14,4578
3,3,11470
1,1,3814
12,12,5175
11,11,17573
8,8,526
3,3,17858
8,8,4626
7,7,14876
8,8,367
7,7,3989
9,9,8822
2,2,12689
14,14,9026
10,10,17646
14,14,7469
2,2,3699
3,3,9582
15,1,15647
9,9,7349
8,8,15819
14,14,6798
10,10,77
5,2,14578
12,5,10706
8,8,1470
2,2,14395
7,7,15280
13,13,12382
12,12,7186
10,8,16344
5,5,13613
2,2,10581
1,1,65
3,2,14230
15,15,11858
11,11,173
7,2,5337
2,2,17743
15,15,13248
9,9,9701
6,2,13431
12,12,1350
6,6,7128
3,2,7896
13,13,5654
3,3,17783
1,1,17430
8,8,3970
6,6,974
13,13,13735
14,14,10002
3,3,4401
12,12,12986
3,3,8207
14,11,7580
2,2,6889
3,2,1557
13,13,12202
9,3,153
2,2,1066
1,1,742
4,4,13435
13,2,6979
6,6,13796
4,5,4434
2,2,4815
15,3,7449
7,5,2756
6,6,17221
4,4,4077
11,11,8664
3,3,8944
12,11,16024
14,14,12224
4,4,5411
13,13,9176
2,2,372
5,5,15194
4,4,2281
6,6,5989
9,9,17104
3,3,8060
3,3,10892
13,13,5592
3,3,13786
12,12,1055
9,9,9060
11,12,17594
14,9,7377
7,7,15193
5,5,1019
2,2,16129
11,11,6786
7,7,5080
10,10,17994
8,8,2550
4,4,11582
1,1,4402
2,2,14201
8,8,13589
1,11,10602
15,4,7724
6,6,10204
7,7,18007
9,9,1775
8,8,2612
3,3,15772
13,13,4258
7,7,2391
14,9,10661
15,15,15783
9,4,2292
4,4,9193
6,6,15795
10,10,1120
4,12,12084
11,11,1138
3,3,12567
7,7,17802
13,13,1688
7,7,14102
7,7,15198
13,13,15553
6,9,9472
2,2,7566
5,5,4290
14,14,11607
2,2,12123
5,15,13629
9,9,17530
9,9,13604
1,5,4280
7,3,2141
7,7,10701
7,7,14349
12,12,798
13,4,5552
6,6,7761
1,1,3683
3,3,14488
2,6,17134
5,5,3977
10,10,13529
13,15,15127
6,6,6997
14,11,1168
5,8,16619
4,4,12620
11,11,11434
13,13,17801
2,4,7382
15,15,7071
11,8,2631
15,7,2774
11,4,6663
2,7,5168
6,6,16724
5,5,1194
7,7,17165
2,2,8996
9,14,7567
4,4,10199
8,8,13152
13,13,9505
5,5,784
10,10,15814
10,10,8040
7,7,16040
4,2,12991
2,2,11676
1,1,13768
15,15,12200
11,11,3164
3,8,8750
7,6,14431
3,3,9464
13,13,6741
10,8,1291
12,12,4445
11,11,8846
6,6,3346
5,5,13966
7,7,14040
10,10,7184
14,14,10815
6,6,2028
4,4,8455
1,1,4416
2,2,8885
12,12,5310
15,15,863
2,2,11159
3,2,8268
13,13,9501
8,8,8765
6,15,7394
13,13,400
10,8,845
3,3,13347
9,3,11669
3,3,16059
8,8,1003
5,5,3874
2,2,13426
8,8,802
3,3,14387
3,3,16148
8,8,3097
1,1,5214
13,13,11794
14,14,209
4,4,6250
5,5,16587
9,13,9320
5,5,5881
9,2,3252
7,7,14540
4,9,7404
12,12,4987
3,9,4262
12,12,3050
14,14,11214
2,2,14295
7,7,8125
3,3,14190
2,2,2256
7,7,14628
3,2,1157
8,12,7315
6,6,2653
13,13,1761
11,11,1036
11,11,12679
13,13,15164
1,8,834
10,10,2159
15,15,4986
1,1,8953
1,1,5590
14,12,17116
15,15,12707
4,4,10051
13,13,7442
2,2,14693
3,3,8975
9,9,17393
10,2,5276
8,9,5223
6,6,13820
11,5,3982
13,13,2266
12,12,7776
8,8,7712
2,12,8919
7,7,10945
8,8,6124
3,3,3851
8,8,2613
6,9,3976
8,8,3547
10,10,2406
1,6,4337
8,8,93
7,7,8244
1,1,17293
7,7,15105
3,3,3096
14,8,12908
14,14,8741
4,4,7052
6,6,12973
7,7,844
14,14,9152
6,6,15077
13,13,16949
10,4,7212
15,15,8778
10,10,6925
11,11,11146
7,7,5173
5,8,16034
6,6,16475
15,15,12619
6,6,8700
9,9,1304
8,8,2363
15,15,10745
14,14,17373
12,12,6858
2,2,12723
8,8,114
1,1,4523
4,4,12454
8,8,1834
10,10,12580
3,3,15855
5,5,9334
12,12,2238
3,3,14619
2,2,6256
9,9,3947
8,8,2419
2,2,548
12,9,2864
7,7,1208
10,10,8426
14,14,11174
9,9,3031
10,10,13719
7,3,1934
4,4,12092
4,4,10986
9,14,13083
6,6,7714
6,6,15770
11,2,420
3,6,10822
8,8,4332
9,9,13550
13,15,13946
5,5,4160
7,7,3253
7,7,9424
3,6,6396
3,3,15547
2,2,1967
13,13,5044
4,1,12068
1,1,17629
7,3,14884
6,6,15766
14,4,9077
9,9,7044
13,13,707
8,8,6941
12,3,3100
1,1,14495
7,1,16625
7,3,5643
12,8,1448
14,14,12399
8,8,2025
6,6,15703
11,11,9238
3,3,169
6,6,16179
7,7,11890
1,1,3416
9,9,8536
4,4,13437
10,14,252
5,5,5455
8,8,13962
2,2,251
6,6,17135
9,2,13763
15,15,12939
15,15,1300
13,13,4535
5,5,2201
3,3,10096
4,4,11547
15,15,13777
6,6,3417
8,8,7547
1,1,738
8,8,658
3,3,14274
5,2,8199
2,2,17792
10,10,13432
4,9,8840
5,5,4055
8,8,15687
15,15,3269
13,13,3763
5,5,3454
13,13,2910
10,10,17949
2,2,7947
9,9,1008
9,9,12599
14,14,1988
1,1,15705
14,14,11301
15,15,11991
6,10,3822
8,8,3022
5,5,3624
6,6,7986
13,13,12523
6,2,3523
12,4,10727
11,9,12101
10,10,8122
12,12,17496
8,4,17632
7,7,14577
4,11,13527
4,4,11012
6,6,263
8,8,9482
13,13,11216
10,1,16389
12,12,7984
13,13,811
9,11,16871
4,4,12379
10,7,3445
1,1,4752
7,7,14584
3,3,3499
14,14,12318
2,2,8785
13,13,7768
5,5,13993
5,6,10735
7,7,6984
9,9,17433
7,7,1238
8,8,2425
13,13,2560
4,4,17057
15,15,2354
1,1,1423
15,15,2919
8,8,7146
13,13,12333
5,7,5709
2,14,1520
1,1,16494
15,15,732
12,10,16763
2,2,13388
8,8,5061
4,4,16942
7,7,13444
7,7,9970
7,7,3960
14,14,12967
5,5,1671
15,15,11364
8,8,1381
4,4,11299
3,3,3047
14,14,1133
5,5,5379
12,12,2789
10,10,2520
3,2,101
15,15,394
6,6,3524
13,13,16591
4,9,9778
13,13,5011
11,11,17679
11,11,2016
11,11,4822
7,7,4972
5,5,12987
13,13,11158
4,4,477
1,1,13893
8,8,2400
15,15,10260
15,15,5378
10,10,12628
12,12,8711
15,15,13259
2,2,1895
4,4,11711
4,14,11584
7,7,9958
14,14,13277
8,8,4320
5,5,7607
4,4,7556
15,15,16436
15,15,5868
9,9,3246
3,3,3177
4,4,9220
9,9,11615
8,8,3506
3,6,2970
2,2,1463
8,8,5019
2,8,12357
10,10,1748
11,11,8924
7,7,4645
3,3,5138
5,5,3283
13,13,11762
15,11,951
15,15,16562
8,8,13683
6,6,6756
6,6,12265
7,7,14357
5,5,11900
15,15,1937
14,10,8229
14,14,2126
3,2,14224
2,2,17511
9,2,13193
11,11,16961
11,12,10944
6,6,17836
10,10,2345
12,12,17427
15,15,16122
2,2,7535
13,13,16049
4,4,12875
11,11,13930
11,11,10924
6,6,11604
9,9,6896
4,2,10466
13,13,3956
15,15,1539
3,2,10928
6,6,4710
6,6,4885
8,8,3183
3,3,1478
11,9,17075
13,14,13411
5,9,15878
13,13,9030
9,9,7962
3,3,2770
11,4,11218
7,7,18076
4,4,10257
11,15,13744
13,13,8394
9,9,14150
2,2,13627
3,3,4082
8,8,7680
6,6,15949
8,8,1356
14,9,13899
10,10,5323
4,4,13445
14,9,7458
12,12,2372
10,10,1231
7,7,14423
11,11,10544
15,15,11973
7,7,14595
11,4,9376
3,3,16991
9,9,8410
12,12,15531
12,12,2125
15,15,13559
3,3,18039
15,13,5669
4,4,8415
4,4,6726
15,15,3747
3,3,2342
4,4,8936
10,10,11361
6,2,14043
8,8,1183
14,14,17267
6,6,15987
11,11,4821
11,11,17665
11,10,17551
1,1,487
10,10,599
7,7,3419
15,15,12125
9,9,14543
10,10,4938
2,6,5585
2,2,7836
3,3,15707
8,8,2775
14,14,11185
15,15,562
3,3,16036
4,4,7677
6,6,12792
1,1,3618
2,3,7949
1,1,16142
4,4,13341
14,14,8914
10,10,2959
4,6,13280
14,15,10454
13,13,4086
10,2,3369
8,8,4002
1,1,10146
12,12,16392
8,8,2098
14,14,12426
8,8,12248
7,7,14182
6,6,14817
14,14,8418
15,15,4265
8,10,2541
1,1,5686
4,4,8883
12,5,1555
15,1,17120
11,11,13705
14,3,8981
7,12,3060
15,15,16453
6,6,5233
12,12,4197
2,2,9640
1,6,13348
8,8,15536
14,14,12207
7,13,2860
7,3,14420
15,5,4477
11,4,11440
14,9,17167
4,4,9368
11,11,16556
4,4,13457
12,12,5299
6,6,2570
7,7,15675
15,15,15153
11,11,17020
5,5,5729
7,7,478
2,3,8702
8,8,2654
4,4,12391
14,9,6834
5,5,12238
10,10,15056
2,3,7233
8,12,16068
13,13,8776
12,3,5433
8,8,8856
6,2,3507
14,14,13641
1,1,3591
5,8,7021
7,7,1827
4,4,8283
11,11,8514
7,6,8001
12,15,1105
4,4,9787
4,4,10796
15,15,1769
11,11,7185
15,15,3782
8,12,2144
8,8,2671
2,2,1298
9,9,3014
5,5,2912
10,10,8084
8,4,4978
8,8,345
15,15,1428
15,15,4100
15,2,12611
13,13,16479
12,6,10669
6,6,13467
8,9,4723
1,1,15664
7,12,15790
3,3,1856
10,10,15011
13,5,15200
8,8,6868
4,4,7446
5,7,4898
14,14,6843
9,5,16693
6,6,16404
4,12,3560
11,6,1067
2,2,5275
3,3,9025
1,1,16662
8,8,8422
12,6,13676
7,6,9253
11,11,3203
14,14,1739
15,15,15751
7,7,3907
14,11,15972
13,13,4646
3,3,5370
15,12,8501
1,1,1564
11,11,504
15,13,5971
2,2,8102
14,14,404
2,2,7614
12,15,12829
1,1,3448
10,10,10692
14,14,3418
6,1,891
10,10,6921
9,9,11725
9,9,13987
4,4,7623
4,4,12802
3,3,12035
14,14,6670
10,10,8530
12,12,1997
2,3,15008
9,14,9059
1,8,1393
15,15,16907
5,5,4660
5,5,8137
9,9,8465
3,3,7220
8,8,1062
1,7,4429
2,6,5798
8,8,8209
10,10,11602
12,12,12184
2,2,11852
10,10,1260
4,5,7150
3,2,12753
13,13,12797
3,3,17986
7,7,3928
15,3,10650
4,14,12011
8,8,3767
5,5,5199
5,5,1203
5,10,5811
3,3,415
4,4,17934
7,7,9645
2,6,9483
15,15,13929
1,1,16599
2,2,8989
7,1,14192
14,14,12151
5,5,16217
12,12,10235
2,2,11882
2,2,12380
10,13,1026
15,6,2226
4,14,7157
12,12,5037
5,5,5383
6,6,10888
11,14,12037
2,2,152
1,12,7240
1,6,16650
14,11,3979
6,6,5622
13,13,8109
4,4,11070
5,5,17382
3,7,10236
7,7,14369
15,15,1449
2,2,6803
5,9,12136
9,9,10989
12,15,1666
10,10,2135
13,9,4706
3,6,13476
1,1,14163
10,9,10187
5,10,2029
3,3,1728
7,7,3783
2,7,7900
10,10,222
4,4,13494
11,11,611
11,9,16491
14,14,8402
4,4,10987
4,4,9291
1,1,15146
14,14,10665
3,3,12610
2,2,7454
12,12,5956
7,7,3786
9,9,7952
9,9,14574
7,7,15055
14,11,15584
10,8,12773
4,4,9183
11,11,4456
4,4,7736
15,15,17823
12,11,16774
3,3,14651
1,1,15578
3,8,10775
2,2,11135
3,7,17713
11,11,9243
15,7,5688
7,2,9624
6,6,13552
4,4,12071
2,2,12171
7,7,6976
3,3,8669
7,7,3095
9,9,3723
3,7,14029
9,9,12021
8,10,15752
13,13,16191
14,14,10683
8,8,2076
5,5,873
4,4,12319
6,6,1664
6,6,5144
1,1,1553
4,14,8406
12,7,8215
8,8,6249
9,9,10476
4,4,17358
6,6,3564
4,4,7528
8,8,14011
8,8,3840
8,8,1258
2,2,4526
3,3,16135
7,7,15236
5,5,16466
3,2,8224
4,4,9049
8,8,3902
14,14,6134
14,14,9372
8,8,2809
9,9,683
2,9,839
14,12,620
9,9,7798
8,9,3804
14,14,8662
14,4,9109
5,5,12305
2,2,4820
8,8,4738
15,15,4680
1,1,5453
5,5,3939
7,7,5718
3,7,14877
15,15,10597
7,7,1399
11,12,10487
7,7,14130
3,3,1616
5,15,13924
13,13,711
7,7,2389
4,4,7485
2,2,1322
5,5,14445
9,2,12933
14,14,12428
2,2,11804
3,3,9837
9,9,8780
1,1,4873
12,12,4143
14,14,9763
8,8,15905
9,14,8261
1,1,5086
8,8,16177
9,9,12259
8,8,5179
13,13,486
15,15,13670
12,12,904
13,13,15050
11,11,11193
14,14,11937
12,4,8529
4,4,13089
11,11,13840
9,9,1969
3,3,4952
5,5,4852
1,1,5511
10,1,1418
8,8,3685
10,10,6802
13,13,15876
5,5,5885
11,11,3258
6,6,9996
13,1,3755
15,15,5890
12,12,2468
2,4,5825
3,3,13065
4,8,2061
9,10,1441
2,2,14710
12,12,17172
1,1,4941
11,11,12642
1,1,2057
2,7,10972
2,12,13996
12,12,9455
9,6,16063
15,12,6935
1,1,12865
7,7,14088
7,7,18084
10,10,16162
7,15,10963
9,9,243
14,14,12489
5,5,4447
3,3,10490
8,8,3629
14,14,11402
6,9,10916
3,3,15803
2,2,1738
8,8,1109
6,6,13159
14,14,8374
6,6,1515
8,8,3905
4,4,17228
14,14,10515
1,1,5919
8,8,7084
12,12,9651
7,7,15275
5,5,5251
10,10,2108
13,13,4894
15,15,4741
4,12,10919
2,2,6964
8,8,2137
6,6,4557
5,5,812
14,14,9799
11,11,9697
3,3,7208
2,9,10725
7,14,3444
5,5,14017
10,10,344
9,9,1308
5,5,13694
13,13,4787
3,3,7405
10,4,11525
6,6,15648
15,15,17985
13,13,8874
14,14,17168
7,7,1221
12,12,16690
2,2,9817
7,15,14670
7,7,14065
5,5,1669
7,7,14413
3,3,6699
10,10,4649
7,7,85
11,11,4215
5,5,12840
12,12,3101
7,7,6716
1,1,16352
7,7,1501
9,9,16172
2,2,15808
6,6,9395
4,4,9440
4,4,11134
11,11,26
3,3,2438
13,13,9182
14,14,17237
15,15,15765
8,8,15634
3,3,12206
7,7,14705
14,9,1040
7,7,3296
14,14,13956
5,5,3852
2,14,3052
12,12,1482
14,9,17163
2,2,7038
3,10,3262
9,9,6127
3,3,2982
5,5,15359
2,2,15897
15,15,12743
2,2,14562
6,6,9442
3,2,514
11,11,17512
4,4,7473
9,9,970
1,1,14378
15,15,2742
12,15,4842
9,11,1970
12,9,10557
1,1,3681
7,7,14438
4,4,11392
7,7,14457
14,14,8333
12,4,11228
14,4,4030
5,5,5871
14,14,10210
11,11,3385
1,7,15740
6,2,16103
14,14,11071
15,15,16891
11,14,999
2,2,13378
7,7,33
9,9,8787
1,6,13202
3,3,14640
11,11,2873
15,15,185
2,2,17786
3,9,297
9,9,9561
10,10,1953
10,10,12752
4,4,9169
7,7,4976
10,10,6652
11,11,10927
8,8,17611
1,1,17017
11,11,7007
3,3,9
4,4,13612
2,2,357
3,3,13653
14,14,17146
7,15,3093
6,6,7934
10,9,10218
7,7,376
14,14,11865
7,3,3913
4,4,8071
4,4,13289
5,5,1629
14,14,12438
4,12,7752
10,10,4829
4,6,12684
15,15,12930
11,11,745
5,5,4553
15,12,9677
8,8,1860
3,7,14388
4,4,11630
2,2,4695
4,9,10170
15,15,12407
4,4,6666
1,1,17950
7,7,12414
9,9,1660
7,7,5090
8,2,4871
3,3,7105
5,5,3582
4,4,11531
13,14,11257
9,9,2791
10,10,12241
8,8,13227
6,6,11603
10,10,12584
4,4,11767
12,12,5488
11,11,10720
3,3,11369
4,4,11594
7,7,14775
7,7,14602
1,1,5218
4,4,12603
8,8,12341
14,14,8035
5,14,13752
15,15,274
14,14,7788
8,8,6987
15,15,1843
10,10,9389
15,9,17749
6,6,9290
15,15,12564
6,6,15557
7,7,4742
8,8,1762
13,13,7810
10,10,10936
4,4,10872
2,6,10699
8,8,4511
6,6,1614
10,10,17667
2,2,2249
10,10,5101
11,11,6902
2,2,10213
14,13,2482
1,1,16250
8,13,1540
11,11,16445
1,1,15869
15,15,5722
14,14,8376
11,11,16980
5,5,4832
4,4,13303
12,12,9257
1,1,14682
4,4,3882
7,7,14066
8,8,3918
12,12,10289
4,4,11140
2,2,3297
11,11,17584
11,11,12344
10,10,13543
1,1,1829
14,14,8801
10,10,186
12,12,15962
14,14,11940
3,3,14323
1,8,15021
8,4,9499
15,15,9821
12,12,16555
15,15,717
14,14,17416
13,13,2634
4,4,11205
13,13,5564
14,14,13401
14,14,17902
4,4,8221
12,14,11130
10,10,5392
12,6,70
13,13,4349
6,6,2498
6,6,8617
10,10,2075
2,2,13240
5,5,5347
4,9,7766
11,11,281
1,1,1246
10,8,12571
8,8,3396
8,8,5231
6,6,7253
12,12,5358
5,10,13678
9,9,3462
13,13,851
9,9,3306
4,12,7094
15,8,5408
14,14,5578
9,9,13916
2,2,7762
4,4,472
6,6,10710
8,8,449
10,8,3649
3,3,14745
4,4,12506
12,12,16756
15,15,1810
6,6,15871
6,6,2313
9,4,6669
5,15,2918
5,6,4213
9,4,11544
4,4,12048
1,13,5572
11,15,12957
10,10,4813
7,7,14632
8,8,1256
2,11,6135
3,3,14580
15,15,1521
7,3,2429
1,1,8121
11,8,8171
3,9,14474
11,11,13326
10,10,5668
1,1,5874
6,6,10189
15,13,15252
8,8,6690
14,14,7571
7,7,14616
9,9,9702
8,8,6248
2,2,7373
13,13,14816
13,13,10621
6,6,11212
13,13,9675
13,13,6130
14,14,9091
2,2,13191
9,14,1986
8,8,3237
15,15,10947
6,6,9508
1,1,5282
14,14,9127
8,8,15588
13,2,11477
13,13,5211
4,4,17545
4,4,469
8,8,3561
10,7,1819
9,9,1789
1,1,13372
2,2,14572
4,4,9623
9,9,11378
1,2,12830
8,8,2537
2,2,13936
8,8,534
9,9,6913
8,8,13583
15,13,7593
2,9,7410
8,8,1749
2,2,12083
3,3,9407
6,6,17805
5,5,13391
4,4,11520
15,15,15830
6,14,15988
9,9,15999
1,1,3888
5,5,18083
8,8,3311
13,13,15748
5,5,2895
10,5,1200
9,4,13073
14,14,6136
3,2,1411
8,8,11876
15,15,13020
14,14,7103
3,3,16660
7,7,14829
3,3,16945
7,7,2359
10,10,286
6,6,13182
11,11,7054
8,15,4872
9,12,8332
2,2,13519
15,15,9168
12,12,3910
12,12,17269
2,2,1043
6,6,2863
6,8,5710
8,8,10750
5,5,8816
9,9,3135
11,11,8834
10,10,12508
2,2,7455
13,13,3715
13,13,4692
3,3,7088
15,3,5244
13,13,5145
9,9,2138
11,11,11048
8,8,15708
1,1,4027
10,10,16220
13,13,13211
10,10,121
10,10,12250
8,8,525
4,4,17362
12,2,337
13,13,6864
14,14,10503
10,10,7897
8,10,13926
3,3,1268
10,10,6838
3,3,13844
1,1,13400
13,13,5690
7,7,17975
15,15,884
12,15,17103
3,3,8699
9,4,3652
14,14,2050
6,9,13080
15,15,15580
6,1,13974
13,13,5399
8,8,8159
12,10,1682
1,3,16978
6,7,14689
14,4,6914
13,13,15088
7,7,5311
10,10,11819
10,10,13218
14,4,8958
14,14,7000
12,12,6722
5,5,15827
14,14,3356
11,11,591
3,3,9173
13,15,12225
1,1,3722
12,12,8797
12,12,16094
13,13,2551
6,6,8145
11,4,17599
12,4,5597
6,6,3526
15,15,10623
7,7,1051
15,15,13951
3,2,8023
8,8,13094
3,3,14826
3,3,3945
11,4,1276
10,10,2922
3,3,16158
11,11,10833
1,1,9557
15,13,14099
1,1,12728
13,13,15170
10,8,3490
1,1,4301
4,4,8370
2,2,15937
10,10,3663
1,10,6934
5,5,16759
14,14,11886
13,12,17429
14,14,8800
8,8,17820
2,3,8930
13,10,4731
2,2,310
12,12,13183
15,15,373
8,8,3890
4,4,8272
1,1,5340
7,7,8827
9,9,5389
8,8,2446
15,15,4066
3,3,7243
9,9,13464
11,9,7955
9,9,5380
6,12,1900
6,6,5374
1,1,8598
3,10,2798
15,15,17866
15,15,443
7,7,14635
7,7,16042
6,6,7134
13,1,11497
4,4,10778
2,3,14087
9,2,8998
15,15,9517
9,9,7546
2,2,14242
8,2,16547
1,1,3273
6,14,1024
3,3,14247
12,12,12849
13,13,7829
5,5,5439
14,14,11248
8,8,3768
15,15,10605
13,13,4423
9,9,3836
1,1,12545
15,15,4831
8,8,3381
6,6,1638
10,10,5009
7,7,14684
14,14,7445
9,9,21
8,2,3598
2,2,14533
3,7,1620
5,5,8013
15,5,4939
7,7,1561
11,11,4693
12,12,16156
14,14,11324
5,5,4681
4,4,11397
14,14,12046
3,7,14366
15,15,3648
3,7,14563
7,7,16008
15,15,12294
4,4,7435
15,15,13028
12,12,5530
14,14,6774
4,4,11662
6,6,16234
13,10,15062
12,12,1123
13,13,11675
7,7,1821
12,12,2243
10,1,1319
7,7,86
6,6,15883
14,14,4045
5,5,8984
13,13,12586
5,5,5414
2,4,9783
6,6,10687
11,11,15948
4,4,7099
5,5,4780
3,3,2041
13,14,2388
12,12,8170
13,13,6742
7,7,886
15,15,16595
2,2,14809
7,7,3374
2,2,10988
3,3,15652
7,7,2022
6,6,14312
11,11,2156
2,2,14656
12,8,207
6,6,14454
1,1,3302
10,2,1081
8,8,2690
9,9,8999
9,14,17963
9,4,9133
4,4,7573
13,13,5916
15,15,2370
10,10,12033
7,5,15328
3,7,7941
15,1,11333
10,4,7578
6,6,1241
1,11,8525
15,15,4802
10,4,16159
13,13,15926
3,8,12553
5,5,4570
3,8,792
6,6,4466
11,11,8786
1,1,15271
9,9,8946
14,14,7436
13,13,5631
15,15,13990
5,5,8892
14,14,12228
15,15,15171
4,9,7855
14,14,17169
14,14,12067
14,14,10434
7,7,14215
8,8,13059
9,2,12094
15,15,10940
14,9,17317
4,4,8412
6,6,16083
12,12,13504
2,2,56
9,9,4620
3,1,7581
9,2,12043
2,2,12739
1,1,5940
9,9,18001
9,14,9662
7,7,6980
15,15,11097
15,15,9711
11,8,8696
15,15,503
15,15,13596
2,2,14127
4,4,4046
11,11,9957
12,12,1867
7,7,7975
8,8,17442
2,2,11523
15,13,10617
1,1,5348
9,9,2713
3,3,14348
13,13,7078
7,7,905
4,4,9857
1,3,16880
15,15,18036
15,13,12629
4,4,9055
7,7,13109
8,8,15950
7,7,4651
12,12,16487
3,3,15763
8,8,13245
6,6,12299
15,15,5198
14,14,7561
6,6,5886
7,7,9538
14,14,10654
12,1,12112
8,8,3017
13,13,4705
15,15,4701
13,9,13166
13,13,11367
14,14,7683
11,4,11605
2,2,13256
4,9,9848
11,11,3495
9,2,12166
4,4,7667
2,2,8233
6,6,2117
4,4,11137
12,12,6644
5,5,513
10,10,13994
6,6,10441
5,5,8695
8,8,559
14,14,8440
4,4,6973
2,11,14209
2,2,9493
2,3,9948
3,3,5645
12,4,2956
11,11,13381
4,14,8192
14,14,183
14,14,8906
1,1,5300
5,5,13819
1,9,14072
8,8,13486
4,4,7579
2,2,17724
7,7,14697
7,6,4247
3,3,13379
9,14,9960
11,4,10906
3,3,14735
4,4,17360
14,8,1683
5,5,4339
14,14,17296
14,4,12308
1,1,5284
4,4,16396
8,5,2684
10,8,8995
11,11,4500
3,3,1889
7,7,15015
2,2,12722
9,14,16883
9,9,9953
14,14,4834
15,15,4135
4,4,11775
13,13,16259
3,7,13665
13,13,1907
4,4,9215
8,8,4867
11,2,3199
8,8,15258
13,13,7034
14,14,10935
14,15,10681
2,2,14281
15,15,15853
10,9,1193
4,4,17314
13,13,656
15,13,12204
4,4,10461
13,13,8768
4,4,7395
11,11,9982
11,11,12150
7,7,15736
14,14,2247
4,4,7062
2,2,2008
10,10,819
2,2,17579
8,8,3691
1,1,5393
14,14,11342
8,7,14394
7,7,7216
2,4,3126
10,10,2310
8,8,3470
4,4,8377
4,4,7441
7,7,8011
4,4,9973
13,13,3536
6,6,3740
2,4,13458
12,8,1979
6,6,2906
14,11,3221
4,4,8447
14,6,178
1,1,4629
9,9,11476
4,4,8036
12,12,4664
12,12,16025
11,11,2716
5,5,15994
3,3,5117
7,7,11894
8,8,9307
9,9,8940
15,15,16504
2,2,12624
3,7,8108
2,2,3408
8,8,8132
2,2,7238
8,13,4886
3,3,14599
5,5,17942
12,12,15549
4,4,17372
3,3,8047
10,10,10004
13,13,11473
3,3,3166
12,12,17522
1,1,12477
13,13,1913
11,11,7046
3,3,6988
14,14,2246
2,2,12601
7,7,10436
3,3,13573
12,12,8845
5,1,6747
12,12,10603
5,5,5242
7,6,14561
15,15,10424
13,13,15149
12,12,16209
5,5,5526
3,3,9961
2,3,2755
12,12,16097
11,11,1002
9,9,7783
3,5,15924
1,1,14442
14,14,8081
1,1,5350
13,13,17354
6,6,17097
10,10,16940
6,6,2729
12,12,1559
8,8,5190
7,10,10846
2,2,12064
3,3,14594
10,10,11639
15,15,8157
3,3,16902
7,7,14265
4,4,8909
4,4,7519
12,12,10620
14,14,13696
6,6,4903
12,12,4689
14,14,718
13,15,2582
7,7,15007
3,3,12938
9,9,4473
11,6,16622
13,13,12031
4,2,11104
5,11,16517
5,15,9691
7,2,14015
15,15,4576
1,10,1571
9,9,10645
12,12,8162
10,10,112
14,15,2045
5,5,1214
11,11,8204
12,12,5986
15,15,3670
4,15,8739
13,13,11848
11,11,9646
8,14,4514
14,14,12270
15,15,16959
14,14,9694
1,1,3621
9,9,3143
2,2,14111
7,7,1121
6,6,13978
6,6,437
12,1,204
5,5,10981
3,3,14379
5,5,12339
6,5,14329
11,12,1192
15,15,6986
10,7,12616
9,9,13933
4,4,10956
2,2,7533
5,5,3383
9,9,1908
5,5,16574
10,10,13585
2,2,12244
6,6,13772
1,1,5314
2,14,11958
15,15,1162
1,1,16342
11,11,5961
15,15,8351
9,9,14614
1,1,17897
8,8,5271
1,1,9093
15,15,235
12,12,3118
3,7,4606
9,4,10939
9,9,11932
2,2,12156
11,11,637
3,3,14245
13,13,1433
12,12,2495
7,7,15216
6,6,7751
1,1,16332
15,15,13284
4,4,4031
8,8,3220
14,4,9166
13,13,4532
14,14,10194
8,8,2594
4,12,8325
4,4,8068
14,14,9809
2,10,253
15,15,4384
5,5,4855
7,7,18057
3,12,17235
7,7,3631
14,14,10133
5,5,16114
12,12,9498
4,4,7391
12,12,9556
11,1,16566
15,8,325
6,6,18017
11,11,8363
3,3,14175
9,9,7113
6,6,2842
1,1,7820
12,12,15622
6,10,2795
13,13,288
6,6,2796
2,2,2105
7,7,660
15,6,14617
1,6,10498
2,2,2143
14,14,9962
13,13,3711
6,6,12431
8,8,131
2,2,1196
5,5,7261
9,9,1128
10,10,5341
2,12,12921
3,3,3314
1,1,13311
2,2,14441
11,12,5696
3,3,12652
5,8,1047
15,13,4719
14,14,8364
11,11,17696
5,9,17956
11,11,13291
7,10,14649
1,1,2844
10,10,12006
2,2,6866
12,12,3458
11,11,11530
2,4,12866
5,5,12405
14,14,7600
11,11,6377
4,4,17426
3,3,117
8,8,15063
9,9,7276
11,11,4240
9,9,5361
8,8,1865
14,14,9520
6,6,13836
14,14,8442
4,14,9057
13,13,7067
15,15,3728
14,14,13084
11,11,16671
6,6,17849
15,15,16120
1,1,4426
4,4,11192
11,11,15347
13,13,3463
15,7,15273
5,5,5448
4,12,10630
10,7,14064
15,12,16584
8,8,3493
11,11,12212
11,11,11574
1,7,16441
6,6,9335
2,2,163
11,11,12900
10,10,17328
13,15,10920
4,4,17366
1,1,5687
7,7,9551
2,14,9014
7,7,14879
4,4,11089
10,10,17193
7,7,8624
7,7,16264
14,14,10979
14,4,12550
12,3,132
15,15,725
13,13,13244
15,15,4959
10,9,17497
9,9,3950
2,2,7344
14,12,10717
15,15,4444
12,4,9687
15,15,16877
5,5,3926
11,11,16762
5,5,5303
7,7,14591
4,9,9385
11,11,10954
4,4,8092
6,15,4007
4,9,8416
3,3,5204
5,5,5969
4,4,8319
13,13,8358
1,1,699
3,3,2847
4,14,9796
8,8,8004
1,2,12525
2,2,17817
2,2,8446
7,7,14894
5,5,14998
6,10,1048
6,6,12889
1,11,13949
13,13,4992
1,6,17886
14,14,1101
2,2,11129
13,13,13071
11,11,670
14,14,12058
10,10,15860
13,10,17204
5,1,15646
3,3,12690
13,13,17326
12,12,8969
9,9,9478
9,9,13751
14,14,12980
9,9,16881
5,5,4214
7,7,14732
14,14,13306
9,9,13268
3,2,11204
4,4,11401
2,2,13741
10,10,2816
14,14,17538
13,13,9439
14,14,2633
2,2,10251
8,8,3216
6,6,1464
6,6,5420
15,15,16716
15,15,7152
9,2,9525
5,5,4892
9,9,11627
9,9,16464
11,11,813
8,8,3531
13,13,3893
1,1,13367
8,8,1618
3,3,2946
4,4,8951
7,7,3361
6,6,3611
6,6,4139
15,15,17365
11,11,485
6,6,13848
10,10,17826
9,9,10634
4,4,11178
4,4,11344
9,9,1717
4,4,6911
9,11,2660
10,10,2338
13,13,12494
1,1,15964
2,2,12809
5,5,13671
6,6,13025
13,13,16638
8,8,15090
10,10,17946
1,1,4984
9,2,12816
13,13,17461
1,1,4848
14,14,17301
2,13,10705
2,2,12510
9,9,11667
6,6,9261
6,6,15859
13,13,8929
5,5,5491
8,8,902
14,2,8736
1,1,11114
1,1,5188
10,10,5215
6,6,7033
12,12,13184
8,8,4223
5,5,4087
11,11,13366
12,2,2473
15,15,13731
11,11,4310
13,13,17335
4,4,8399
7,7,14240
9,9,14187
6,5,5979
9,4,11684
8,4,17895
4,4,6970
13,13,9415
5,5,1174
10,10,10167
1,1,1636
13,13,15791
15,15,8285
7,7,14345
5,8,7305
8,8,2556
2,2,705
14,14,8404
5,5,8683
8,8,3115
10,7,12946
12,2,8409
6,6,13614
4,12,11802
4,4,11385
9,9,11843
6,6,13909
13,1,1163
11,8,16369
5,10,12113
3,3,6891
1,1,883
2,2,4245
2,2,14060
1,1,5542
6,6,12880
11,11,13630
4,8,8472
2,10,8124
5,9,12385
8,8,13181
9,2,12138
12,12,1726
14,14,17920
13,13,5634
15,15,1851
6,6,10595
8,12,3021
8,8,3606
4,12,12038
6,6,15166
3,3,18065
12,12,5792
8,8,4481
8,8,12398
14,14,9767
13,8,13478
6,6,16509
8,8,2630
6,6,16685
2,1,270
14,14,12008
11,11,16735
1,1,2764
14,14,12350
15,15,15126
10,4,11985
11,11,10886
7,7,18050
1,12,17590
8,8,89
3,3,11482
12,14,2718
2,2,14223
9,14,12911
3,3,218
8,15,172
13,13,5312
3,9,7733
10,10,18042
5,5,17941
15,15,1224
13,1,1676
13,13,5435
15,15,16901
6,6,15657
14,14,8803
1,1,877
4,4,11154
10,10,15591
15,15,436
11,11,7965
7,7,14381
3,3,15184
1,1,5574
5,5,16588
12,10,4944
7,7,14505
7,7,14035
13,15,102
7,7,15955
4,4,3125
3,3,14124
11,8,15816
12,3,4968
14,14,1684
11,14,10248
7,5,18018
5,5,7010
12,12,12302
14,14,9824
2,2,9158
2,2,4270
7,7,15150
8,2,2837
1,1,1655
14,14,7656
6,6,17747
9,9,3154
15,15,13992
9,2,3590
15,15,1336
7,7,2677
9,9,8302
3,3,8710
15,15,7542
8,1,4235
9,9,10647
1,1,5364
9,9,4146
8,8,15567
7,7,14723
7,7,5532
14,2,10448
14,14,13508
13,13,3514
13,13,15084
6,6,4647
12,12,17402
7,7,13481
4,4,9110
8,8,5666
4,11,8849
1,12,12147
9,2,14547
8,8,2332
13,13,1242
4,12,10612
1,1,7143
12,6,4772
15,15,11443
11,11,10542
9,9,7392
3,7,8045
4,4,8826
11,2,614
15,15,12709
8,8,118
13,13,10755
9,2,14161
11,11,6907
8,14,4132
8,8,16986
8,6,11587
7,7,15277
3,3,9685
5,5,1110
15,15,18075
7,7,14537
1,1,8439
11,11,6874
8,8,17001
10,10,5897
5,5,5398
4,4,13842
8,8,920
8,8,551
15,15,13775
15,15,13502
15,15,16470
8,8,3759
7,7,17369
1,1,9706
9,8,16079
12,15,15849
15,15,15026
10,10,15916
7,7,14623
1,1,1833
9,9,1167
3,8,4217
14,14,11309
15,15,12464
11,11,1883
13,13,17142
12,12,15928
14,14,12381
9,9,17877
6,6,15895
4,4,8385
7,7,8232
10,10,1263
8,8,2977
2,2,2688
2,2,16969
9,4,3207
4,4,11042
7,7,18081
1,1,8117
5,7,16542
15,15,12288
10,10,5212
12,12,11336
6,7,4490
4,4,17439
3,3,10631
3,3,20
3,3,11293
14,14,6782
7,7,1390
3,3,15569
3,3,1195
2,2,12139
2,2,4048
8,12,2198
15,15,241
14,9,10150
9,9,15667
1,1,5494
3,3,7262
14,4,11983
7,7,15029
3,3,7732
3,3,2360
11,11,16161
14,14,98
11,11,13153
7,7,14673
2,2,12714
7,2,14659
10,10,2978
9,9,7356
4,4,8037
7,7,1674
11,11,16532
4,4,9541
7,7,6947
1,1,5595
1,1,1460
2,2,8891
1,8,2679
13,13,15061
9,11,6903
4,4,8761
11,11,2299
12,12,7555
9,9,9781
5,5,4418
8,8,2234
13,13,8291
8,8,2880
5,8,3933
13,13,16406
11,11,518
1,1,1444
4,3,12433
8,8,15812
15,15,4633
9,9,10604
11,11,4390
2,2,8295
4,14,12533
4,11,7532
8,8,16481
9,9,11864
13,13,3823
11,11,64
14,14,2900
13,13,14012
2,14,7799
7,7,14772
8,8,3464
13,15,5322
3,3,14089
9,4,1102
1,1,17843
10,10,15956
9,10,8467
15,15,4222
8,8,6824
12,12,16241
7,7,5254
2,2,2000
1,1,12789
2,2,8535
4,14,9097
14,14,11781
10,10,13814
4,4,11013
14,14,16914
11,11,7298
14,11,11653
8,8,1838
15,15,2987
9,9,11177
7,7,6657
2,9,328
12,12,12890
1,1,1914
4,4,8405
3,3,15665
7,7,14363
14,14,13157
14,4,17566
13,13,4022
1,1,4307
13,13,128
7,7,14037
6,6,13374
4,4,7420
3,3,8661
15,15,12275
8,8,3879
15,15,10900
15,15,15636
3,3,1535
13,13,14491
2,5,3953
13,13,16761
4,4,10238
12,9,14494
1,1,16499
13,13,11223
7,7,14878
12,12,16928
7,7,18012
1,1,7179
4,4,7412
1,1,4503
5,5,17492
8,8,7314
15,9,3552
9,9,16695
12,12,12995
14,14,1403
2,14,13188
14,14,11425
13,13,17908
8,10,1223
11,11,816
12,12,9546
7,7,14579
4,4,12301
2,7,3484
8,8,3927
5,8,14571
15,15,4101
6,3,7823
3,3,9022
4,4,12742
4,4,9589
7,7,2969
15,15,4363
1,1,5112
2,2,7363
3,3,8685
15,15,814
2,2,15533
6,6,17837
2,2,14128
12,12,16384
1,8,3140
3,3,14791
3,3,8048
13,13,9172
3,14,12140
2,2,150
8,8,804
2,2,13825
5,15,5467
6,6,13965
3,10,16439
5,5,4895
7,7,12681
6,14,1854
11,11,644
4,4,17704
1,1,12415
13,15,2894
6,6,7135
4,14,8346
15,15,7985
8,8,6680
3,3,14155
9,9,9693
12,9,12197
6,6,3254
12,12,17359
6,6,16065
12,12,16050
15,15,15609
1,1,3924
13,13,11485
14,14,7661
6,6,17935
15,15,1397
1,1,5224
13,13,13536
4,14,8466
9,9,11030
12,4,17498
14,14,3602
2,2,10196
11,11,10964
13,13,4946
11,11,7156
11,11,11571
4,2,758
6,6,16474
12,3,11180
13,13,6863
13,13,10651
3,3,8532
15,13,1899
3,3,4413
10,10,4676
12,12,3354
3,3,10547
12,12,3238
2,9,17970
3,15,14489
1,1,5906
5,14,7493
4,4,7655
11,11,11736
12,12,11552
7,7,2737
4,4,7481
9,9,16946
13,13,13643
7,7,14359
14,14,9798
4,4,11220
9,9,9577
5,5,3854
2,2,8177
2,2,1906
14,14,9232
9,9,2797
4,4,11489
8,8,773
6,6,2619
15,15,4260
1,1,14068
11,11,9244
4,11,10829
15,15,4010
6,6,16
3,3,3202
8,8,4594
13,13,5521
3,3,2260
8,5,3903
10,12,2502
5,5,5081
15,15,15083
14,14,17219
9,9,10912
3,3,8050
11,11,15868
1,1,15785
7,7,3342
11,11,2241
11,11,13815
2,14,12009
10,10,11751
9,9,5693
12,12,9827
3,12,2350
15,15,16718
6,6,1935
15,15,12104
15,6,1357
10,10,2267
15,15,5372
9,9,391
9,9,2887
6,6,8116
7,7,9430
9,2,12106
13,13,17147
14,14,12401
11,11,12107
12,12,16022
6,6,1525
9,9,16400
5,5,4368
12,4,9782
12,12,4094
12,12,9515
6,6,17486
10,9,3270
11,11,7153
13,13,1881
13,13,3503
2,10,1715
5,5,4333
15,15,14314
4,4,11122
2,4,11302
10,10,3133
14,4,8183
3,3,10481
5,5,16418
14,14,1901
15,15,4854
14,14,9810
3,3,14285
14,9,1509
9,9,1094
3,3,924
10,2,11194
3,3,4483
15,15,13098
3,9,5915
15,12,7207
1,1,15809
14,4,9270
5,5,16569
5,5,4272
8,8,17818
14,14,9316
12,12,16395
4,14,9826
3,1,1020
2,2,8621
4,4,11049
12,9,18037
14,14,9265
1,1,16149
14,4,17518
7,7,3781
3,3,5651
15,15,13870
12,9,1758
12,12,4056
8,8,1994
13,14,8085
2,2,12618
8,11,3658
13,13,7180
13,13,788
9,9,6397
8,5,4476
11,11,9239
3,3,14452
8,8,4904
8,8,2738
4,4,17851
15,15,1372
13,13,5723
5,15,3340
15,15,15574
6,2,7189
10,12,7506
11,2,1773
6,6,1013
12,12,9325
7,7,14819
12,12,9568
14,14,8296
5,5,3978
12,12,5431
9,9,16931
14,14,12010
5,5,5596
12,6,11759
3,3,6745
8,8,4088
8,8,4502
15,15,5674
4,9,10622
1,1,12784
2,2,9082
14,14,7160
13,13,15556
2,2,12745
15,15,12853
13,9,3197
6,3,16925
13,13,10553
7,7,17093
4,4,8275
2,5,9035
1,1,4790
14,14,9509
6,4,930
6,6,11735
2,2,17622
8,3,1944
9,9,3586
8,8,5133
2,2,7633
8,6,13639
7,7,14298
1,1,9213
15,1,4732
13,13,106
9,9,17199
7,7,959
13,13,12659
2,2,7895
3,3,2746
12,12,9626
15,15,3727
10,10,3955
6,6,13155
5,5,16376
6,6,1774
12,12,4717
4,4,9090
14,14,13931
12,12,13556
1,6,6753
11,1,17754
2,2,9536
15,15,4560
14,14,12907
7,7,15122
1,1,12522
6,6,17878
8,11,16136
3,3,15975
7,7,14218
6,10,17872
4,2,11510
15,15,15074
12,12,7979
15,3,7734
1,1,15936
12,1,16572
3,3,5068
2,9,3811
2,2,12487
8,8,13760
7,7,1879
9,9,1580
1,1,11065
6,6,2597
9,9,826
8,8,7005
3,3,14033
8,8,7716
2,2,4125
1,6,10730
3,3,5879
7,7,16349
8,8,2194
6,12,12462
15,15,16715
12,1,5586
7,7,14478
8,8,5676
7,7,14303
6,6,1917
5,5,4639
15,15,1578
7,2,6956
3,3,9727
3,3,15682
4,4,4059
2,2,12602
1,1,5499
7,7,5351
2,2,14410
1,8,5982
4,4,10662
14,14,7701
2,1,12774
11,11,2071
2,2,1585
6,6,3215
3,3,890
6,6,1406
13,15,5048
15,15,4003
10,10,4421
1,12,561
2,2,12450
7,7,1209
13,9,7018
2,2,733
10,10,16753
4,4,9833
1,1,13854
7,7,13884
8,8,2802
7,7,14113
14,4,6895
7,7,17014
15,2,4021
14,14,8293
11,11,9939
14,14,13718
13,13,17277
12,12,10899
9,14,6780
2,2,14090
10,10,15737
4,4,9459
11,11,5580
13,8,14805
6,6,10571
4,15,17319
6,1,3775
4,9,17845
9,2,14326
10,10,1446
8,8,3743
9,15,8917
6,6,7286
13,13,16099
8,8,15846
3,3,14338
9,9,2641
4,2,17591
11,9,1634
12,12,17537
4,4,11380
1,15,3347
8,8,230
12,12,7781
7,7,14746
8,12,3810
5,5,8328
5,5,2423
11,11,10736
7,7,14674
11,11,1467
8,12,1927
9,9,3745
10,10,5794
3,3,8631
7,7,8642
3,3,14699
4,4,13509
13,7,10895
2,2,3717
5,5,5007
2,2,12201
2,5,17868
11,10,2458
8,8,11922
9,9,1379
4,4,11776
9,9,2328
8,8,11941
8,8,4234
7,7,14799
10,2,17689
14,14,12851
7,7,5265
11,11,1817
4,15,266
4,4,9329
1,1,12846
6,6,8842
1,1,5588
15,15,2624
2,2,17869
1,1,8757
9,9,11400
2,2,12460
12,12,5317
4,4,7640
10,6,2540
5,5,8393
4,4,8281
4,4,11141
1,1,4494
5,5,5384
8,8,12480
7,3,2501
14,14,7440
13,13,3837
4,4,9065
12,4,17484
6,6,18031
9,4,12421
5,5,4934
14,4,7421
7,7,13167
9,9,12658
2,15,810
2,2,303
10,10,1149
14,8,13321
14,14,11642
3,7,14374
8,8,1826
5,5,12456
11,11,8528
3,3,1234
3,3,14103
6,6,4277
13,13,5682
14,14,1805
1,1,13220
14,2,4914
13,13,165
14,14,11435
12,12,5154
8,8,2773
14,14,1814
2,2,11928
8,8,12143
6,6,3185
8,8,453
15,15,11893
5,5,1349
9,9,16876
3,12,1511
10,2,412
2,2,1582
9,9,10185
15,15,2355
13,13,4060
10,10,14737
9,4,9191
2,2,4202
15,11,1191
12,12,16510
14,14,10437
4,4,17305
5,5,3288
5,5,15697
9,9,15214
12,12,1142
9,9,13465
2,2,14372
2,2,11798
6,6,13170
2,3,7004
8,8,4353
15,15,13812
12,2,5316
2,7,13273
7,7,4827
11,11,195
2,2,4155
15,15,8330
2,2,7444
15,15,10534
2,2,8623
4,4,17533
10,10,196
9,9,10259
2,2,5363
9,5,8033
8,8,2673
8,8,2957
6,6,59
11,9,3128
6,6,10649
2,2,15645
10,10,13454
2,2,1635
5,5,5450
1,1,5114
5,5,16708
7,7,14744
4,4,17479
14,14,17008
9,11,7750
1,1,5840
11,11,9079
13,13,15192
11,11,7060
12,12,1943
6,6,17137
14,14,17873
7,7,14638
14,14,4203
15,15,12940
14,14,9157
8,6,7885
9,9,11765
7,7,14532
7,7,15256
12,12,748
13,13,9141
14,14,12528
9,9,10226
15,15,17607
10,10,2526
5,5,4515
7,2,14590
5,5,3773
13,13,10658
3,1,4112
3,12,5941
9,9,8675
3,3,9510
8,8,9718
10,10,17617
13,13,15619
14,14,17121
3,3,16052
15,15,4981
7,7,4622
1,1,8205
9,9,9708
4,4,7557
1,15,15938
11,11,11738
5,5,2638
5,5,6817
8,8,4017
15,15,853
12,12,4126
5,5,4769
2,2,14361
9,9,13097
13,13,969
3,3,12579
3,9,6795
2,2,14110
9,14,12055
7,7,12850
7,7,2870
3,14,10505
13,9,16261
13,13,10594
1,1,5329
6,6,15902
8,8,3074
4,6,9700
7,7,9514
14,14,10241
11,9,16202
13,13,8726
15,15,12754
14,14,9811
12,12,12675
13,13,7719
1,1,5518
9,9,8938
2,2,13789
6,8,11037
12,9,16558
15,7,2868
3,3,9251
1,1,16898
2,2,2834
8,8,11891
1,5,4316
10,10,16029
12,12,8265
4,9,8665
13,13,506
4,4,11102
15,15,11933
12,12,2327
13,12,11575
7,7,5866
7,7,464
11,11,13733
12,12,9553
13,13,5796
3,3,1287
11,11,7063
4,1,2702
4,4,7518
9,9,11535
4,4,7617
1,1,2024
5,5,5308
14,14,8300
7,7,15659
14,14,12075
10,10,1712
14,4,7466
14,14,9139
9,9,2658
2,9,13107
4,4,13638
6,6,7028
8,8,7102
10,10,1793
9,14,13304
5,5,3673
13,13,15726
5,5,378
4,4,10673
15,15,3870
13,13,7178
9,9,14027
5,2,9067
13,15,5169
2,2,3453
11,11,14003
2,2,3866
7,7,4597
11,11,16144
1,1,10141
2,2,3375
2,2,12667
15,15,4817
6,6,1690
10,10,9388
2,2,17303
7,7,14600
8,8,12612
15,15,1409
5,5,755
4,4,13599
2,2,17133
13,13,8064
2,11,2085
12,5,16020
4,4,11632
15,15,13960
14,14,10611
9,9,2925
11,11,831
12,12,6792
4,1,10452
13,13,3410
5,5,3431
14,14,17060
8,8,370
2,2,5289
2,2,17478
1,1,4543
14,14,17903
2,2,12019
2,2,6695
8,8,6977
12,12,15621
15,15,13927
1,14,4145
15,15,13315
5,5,1442
14,14,11708
6,6,15623
8,12,12832
3,3,10152
8,8,15777
3,2,2805
10,1,5938
4,11,7215
4,14,6830
4,9,8625
7,7,2964
15,15,1027
8,8,3607
8,10,7864
15,15,407
11,11,5921
9,12,7522
12,12,16431
13,13,250
14,8,9018
14,14,17210
10,10,6687
11,11,9597
15,13,4618
12,11,9943
3,3,14134
5,5,6684
4,14,7638
14,14,6711
4,14,7590
2,2,14795
2,2,8689
2,2,18045
12,12,16041
8,8,2963
11,11,16197
4,4,12831
5,5,4698
9,9,7293
2,2,3934
6,6,12129
15,15,17010
14,14,7478
11,11,2139
12,1,8166
11,6,5853
13,13,7303
12,12,7402
14,14,10223
10,10,17683
5,5,1678
9,9,5236
1,1,4497
6,14,8389
7,15,7280
13,13,17441
12,2,17490
7,7,5456
7,7,15152
13,2,13237
8,8,4420
3,9,8650
13,13,3028
5,5,7077
4,13,18
9,11,13375
15,15,592
1,1,1928
3,3,3151
8,8,2305
15,15,13154
5,5,1118
1,1,4728
7,7,17991
9,9,14568
6,6,15010
6,9,12577
4,4,7118
12,5,15993
4,4,10589
4,4,8327
14,14,17413
13,8,2251
14,14,17420
1,1,396
9,9,7664
9,9,17514
12,6,1054
7,7,4759
15,15,4688
13,13,374
7,7,14752
13,13,2309
6,6,1030
5,5,5181
8,10,10166
14,4,11017
8,8,5619
5,5,4919
3,3,15925
7,7,13241
9,9,5944
3,12,465
15,15,6770
7,7,15864
11,11,6960
3,3,15745
2,2,2004
3,3,5600
7,7,14597
3,2,136
4,4,215
1,1,17958
15,15,4199
6,6,943
9,9,12559
4,4,9069
7,7,14780
12,12,5547
7,7,2150
14,14,17022
3,3,2814
9,9,7149
8,8,193
5,11,5164
15,15,602
8,8,3277
14,2,11805
15,15,6683
1,1,5902
12,12,15909
2,2,14663
7,7,1948
14,14,9586
5,5,17330
13,13,2154
2,2,2616
1,1,16667
5,5,4825
1,1,1148
8,8,2475
1,1,15108
8,8,2214
6,2,7973
5,5,7647
8,8,3610
14,14,16922
8,8,16977
10,8,2347
10,10,636
5,5,13196
11,11,3228
8,8,13656
8,9,2244
5,10,15457
12,12,2518
7,7,17929
5,5,13003
10,9,7155
2,2,8670
4,4,11724
7,7,17323
1,1,15607
6,6,17819
1,1,5787
1,1,14239
14,14,11976
6,6,3922
13,13,15669
5,13,5632
9,9,17196
5,5,4455
13,13,8063
9,9,9377
4,4,11699
15,15,9628
2,3,1337
9,9,13526
14,15,7741
13,13,2318
1,1,14276
12,12,8749
3,3,7809
2,2,15608
3,3,8859
11,11,16658
2,2,13505
15,15,15716
10,10,15614
15,15,13310
7,7,15128
6,6,1605
5,5,5504
14,14,13591
6,6,13267
4,4,9770
6,6,7267
3,3,13594
14,14,12885
7,7,4194
4,4,7464
7,7,4488
6,6,1218
2,2,2287
14,14,8973
10,10,12974
5,5,7133
1,1,5533
10,13,9526
11,2,6768
10,10,7568
14,14,9852
12,2,10171
1,1,12521
8,8,3150
8,8,13359
14,14,8732
8,8,1524
15,7,4937
3,3,1716
6,9,17803
4,2,10058
6,1,162
8,8,3877
13,13,6677
14,14,15784
14,10,791
11,9,3129
14,14,10203
14,14,14028
1,1,15563
5,5,16612
8,8,1877
3,3,16116
9,9,7164
4,4,8691
14,14,9221
10,6,1140
12,12,16433
8,8,316
8,8,6985
12,2,903
8,8,335
9,4,7385
2,2,2780
5,5,5562
14,14,7657
14,14,12657
9,9,91
2,2,1611
5,10,5959
6,6,17475
14,15,12153
3,3,8056
6,4,11084
2,2,14093
5,5,9452
11,6,1950
1,1,16371
14,14,2954
10,10,4521
11,9,11581
2,2,14207
11,11,549
4,4,6806
4,4,13934
1,1,963
9,11,13700
11,11,2879
10,10,7835
12,12,2831
13,14,12834
8,8,3801
6,6,4430
5,5,4485
4,9,2111
13,15,15832
6,6,7779
12,12,10468
8,8,3820
1,7,16084
15,15,7794
7,7,15129
15,7,18033
15,15,16207
4,4,11502
12,11,5256
3,3,14393
6,6,323
5,10,15660
4,4,9828
12,12,3255
7,3,13816
13,13,15420
12,12,12983
1,1,9015
11,11,3282
13,13,16560
3,3,14469
7,7,901
11,11,2732
1,1,15576
1,1,7756
1,1,3647
13,15,10680
13,13,7606
13,13,8627
12,12,16047
1,1,10737
4,14,12790
2,2,14419
15,15,8680
4,4,12701
5,5,624
3,8,1692
10,10,4273
4,10,2753
15,15,296
3,3,16919
6,6,11308
3,3,7860
15,15,5842
14,4,4042
4,4,7234
12,6,5598
3,12,11346
5,5,4859
11,15,6743
6,10,13503
13,2,11999
3,3,3390
5,5,983
15,15,1210
13,13,15148
4,4,621
2,2,1589
3,3,889
11,12,17397
4,4,10636
1,1,14444
5,5,16300
15,15,5126
2,2,8258
15,15,11644
14,9,17117
3,3,11578
6,6,17831
2,2,14310
14,14,12264
5,5,4980
13,13,8457
7,7,5591
7,7,7126
11,14,1966
10,10,13523
11,11,769
10,10,4962
11,11,17865
2,2,17746
5,5,88
3,3,2127
3,4,9966
4,4,10632
6,6,9451
7,7,16894
7,7,1186
9,9,9535
4,4,11343
7,12,3225
5,5,4673
15,15,3833
10,10,375
7,7,2967
2,2,2231
15,15,11793
13,13,2564
8,3,2173
15,15,12188
2,2,14098
5,5,7919
1,1,16459
12,4,11236
13,13,14828
7,7,13759
8,8,7745
7,7,15242
9,2,11837
10,10,5920
1,1,12476
15,15,5272
2,2,754
11,11,9245
9,9,7357
8,8,2651
9,9,1419
4,4,2080
2,2,17340
7,7,11629
9,9,10453
10,10,9386
11,11,11056
8,8,8721
2,2,3036
9,9,11565
8,8,3365
2,14,12726
2,2,12864
4,9,12818
2,2,10175
3,3,3373
4,4,17337
7,6,7140
6,6,14302
3,3,14191
8,8,15961
5,5,4929
15,13,1462
13,13,9437
3,3,1022
5,5,3505
11,10,17894
5,5,3734
12,12,5633
10,10,13723
3,9,16173
9,9,9500
5,5,13255
2,2,8441
15,15,199
4,4,8273
1,1,16600
13,13,606
7,3,7083
9,9,1863
9,3,17024
10,10,13937
7,7,13758
8,8,1657
10,6,3249
10,10,1940
7,7,14449
4,4,7096
15,15,15218
7,7,1818
11,11,1432
15,15,4997
2,2,9039
11,4,11198
1,1,16018
10,6,10754
8,5,1876
3,3,1086
13,13,3595
6,6,5070
8,8,13346
15,15,4707
8,3,1025
7,7,14386
7,3,5065
11,2,1265
15,15,15730
3,11,2846
15,15,13738
9,9,1252
7,7,14154
14,2,11495
6,6,9578
3,7,1207
10,10,12535
4,4,8241
2,2,12515
3,3,2349
5,5,4118
10,6,16956
6,6,9986
10,4,10438
8,8,6860
1,1,12794
8,8,12062
12,12,4185
15,15,12825
12,14,1595
2,2,2051
12,12,7537
15,15,9759
9,9,12091
7,7,15093
15,15,12760
6,6,12412
3,3,1910
3,2,633
1,1,16604
2,2,451
7,7,8451
9,14,12748
5,5,4590
7,7,3412
12,12,16731
3,3,10695
8,8,13516
2,2,2984
7,3,7925
1,1,5713
15,15,17353
9,9,12141
13,13,9696
15,10,815
3,3,3958
14,12,10959
13,13,10024
14,14,9150
9,9,10272
1,1,15577
8,8,4672
10,8,17693
1,1,17812
1,1,15173
15,15,16767
14,14,10456
13,13,5836
6,6,15720
9,9,12164
15,4,8838
9,9,14724
13,13,9930
5,5,17436
10,2,512
3,3,16313
5,5,5428
4,9,17790
4,4,9073
13,13,9387
10,10,5990
8,8,7318
1,1,16058
9,9,8194
2,2,3915
12,12,4319
1,1,15837
6,6,1893
8,8,2351
7,7,9846
9,9,12788
6,6,11570
5,5,5417
10,10,16038
2,2,11718
7,7,8521
13,13,5376
8,8,2996
3,3,14115
15,15,417
12,13,995
4,4,11005
9,9,10510
12,8,7903
13,13,9595
13,13,15101
13,13,11610
10,10,5229
7,7,5258
9,9,12646
1,1,4238
7,7,2974
12,12,11339
11,11,15713
6,6,2453
13,13,13634
7,7,8968
12,2,949
11,11,3211
13,13,4913
15,15,8388
13,13,11674
8,8,6132
1,8,2188
13,13,7301
8,8,13112
4,4,9977
9,4,1029
9,9,14567
4,12,11002
1,1,17769
7,7,2427
13,13,13110
7,7,14793
4,4,11461
15,15,9684
15,15,15630
8,8,83
10,10,13903
11,11,11573
2,2,12057
8,8,2381
7,7,16266
1,1,5980
4,4,7622
7,7,7923
9,9,2902
5,5,4694
7,7,3513
3,3,10214
9,9,16872
6,6,15900
11,11,16490
1,1,13333
14,14,12387
13,13,11673
10,10,10525
3,3,14063
6,6,1050
10,10,3275
11,11,4850
4,4,10677
3,2,182
12,12,9746
13,13,3853
4,4,10998
4,4,7214
4,4,12214
15,13,11889
1,1,1798
1,1,5571
14,14,17176
8,8,2019
6,8,7032
13,13,7199
1,1,9689
4,4,9475
10,10,17535
3,9,5724
6,6,17663
13,13,8860
2,2,17132
8,8,4807
2,2,8775
11,14,7807
11,11,13883
10,10,9333
3,7,15092
12,2,11219
7,7,18049
7,7,3604
8,2,3475
14,14,8223
11,11,596
1,1,5649
2,2,15933
10,10,918
12,9,11515
8,8,4617
15,15,1340
1,1,4211
5,10,5559
13,13,5889
15,7,15174
12,12,11780
10,10,5162
10,15,16472
3,2,14083
9,9,1156
15,15,1694
11,11,5346
4,14,9979
8,8,616
15,15,11018
6,6,11628
8,8,2972
15,5,5930
3,3,3131
11,11,16108
15,15,9823
11,11,364
5,5,5810
10,10,16006
6,6,10624
9,9,10447
9,9,16932
15,15,8247
4,4,11421
10,8,519
2,2,13174
7,7,17981
14,14,17378
9,9,17565
7,3,9431
4,4,825
10,10,567
4,4,8339
10,10,13177
15,15,4063
3,3,3929
11,11,653
8,6,15691
3,3,3359
11,8,4344
10,10,13940
6,6,4716
7,7,14248
8,8,197
15,15,460
13,15,11121
4,4,8095
12,12,16035
4,9,2890
4,4,7296
8,8,15215
2,8,13317
2,2,13706
10,10,15333
5,5,4667
1,1,5072
1,1,5985
8,8,4642
5,5,12626
7,7,5782
8,8,1938
3,6,15024
9,4,10693
5,15,5058
6,2,3452
13,13,4760
5,5,4880
7,7,8744
4,4,11714
12,8,5582
8,8,15134
6,6,15089
6,6,16276
4,14,12095
4,4,8369
4,4,10993
6,6,10268
7,7,9477
1,1,13897
3,3,14678
5,5,1583
15,15,17012
4,4,12069
11,14,13577
11,3,8716
8,1,15719
15,15,4713
4,4,11773
1,1,5419
4,4,11094
2,2,13487
5,5,5781
5,5,13776
15,12,16915
7,7,7081
9,9,8638
7,7,15680
2,2,13709
2,2,3170
11,14,3497
15,15,10439
15,15,13561
3,3,7767
11,8,2749
4,4,6705
9,9,13587
10,10,835
11,14,5452
3,6,16176
11,11,9408
1,1,569
9,9,11459
12,3,2877
3,3,9432
5,5,4253
14,12,7838
2,3,5041
13,13,10772
15,15,8645
13,13,16151
7,7,14496
4,4,13354
2,2,789
12,12,8913
5,5,14229
5,5,5177
4,4,16938
1,7,7210
7,7,15903
4,9,7672
5,5,13632
1,1,15873
7,7,14455
11,11,10090
7,10,15422
15,15,5728
6,6,871
15,15,12320
15,10,15583
5,5,1376
6,6,9617
13,13,5097
4,14,11593
1,1,12858
10,10,12461
3,3,14278
9,9,17185
14,14,7098
14,7,2394
10,5,4206
14,14,17919
4,4,7553
12,12,10596
4,4,10580
8,8,15729
7,7,7873
11,2,12838
4,4,9136
13,13,11519
8,1,2448
8,8,8881
5,8,13067
6,8,11807
5,5,1254
8,8,2275
11,11,2994
7,7,14726
11,11,467
9,9,9254
6,6,14734
12,12,2457
3,1,4574
15,15,7651
5,5,7771
8,8,16166
3,3,3951
12,9,17938
15,15,12724
13,13,5079
11,9,13036
15,15,1330
8,11,16070
4,4,10561
14,14,8359
4,4,7626
2,2,14208
11,4,8694
9,9,353
13,13,11690
13,13,2047
5,5,6931
14,9,9480
14,4,8865
15,15,9131
3,3,2744
2,2,14132
4,4,11076
2,2,1633
9,9,2666
10,6,11764
14,14,8742
15,15,17297
5,5,5601
7,3,2754
15,15,1400
2,7,3402
2,2,14645
3,3,8069
8,14,2132
13,13,9588
6,6,13810
8,8,1983
14,14,10183
14,14,9816
12,8,11337
15,15,17642
12,12,5429
14,14,3502
9,9,17672
7,7,14688
15,15,2469
12,8,3896
6,6,7079
9,11,7340
6,6,3962
2,7,7954
9,14,10524
10,6,16013
8,8,2623
8,8,3855
8,8,13350
14,14,2527
8,11,1783
14,8,2160
6,6,11377
11,6,13618
15,6,12578
6,6,6880
12,12,3519
6,6,8158
10,2,11850
14,8,12635
10,10,2476
9,9,13920
3,3,2236
12,12,8795
15,15,1307
4,4,11263
15,15,5489
15,15,10288
1,1,8096
13,13,9641
11,11,4655
4,4,11971
14,14,17045
14,9,6386
12,12,4391
4,9,11024
7,7,3068
3,3,5332
2,2,8759
9,9,12548
9,9,4314
14,14,12615
7,7,1475
9,12,8897
7,7,3227
2,2,9323
6,6,5146
10,10,17028
5,5,4925
15,8,790
14,14,11774
14,14,8799
15,15,10869
12,3,9061
4,4,11145
1,1,13041
2,2,9847
14,14,11023
14,14,11442
4,4,7450
10,10,3198
11,11,15758
15,15,1010
5,5,4592
12,6,7231
14,14,17348
4,4,13200
8,8,7574
4,4,12552
13,13,4926
9,9,3588
1,6,3089
12,12,10222
5,11,4844
4,4,12130
1,1,674
14,14,6733
15,15,2316
9,9,3218
7,7,4474
10,10,13165
15,15,1236
8,8,11169
6,6,13517
9,9,9175
13,4,6965
15,15,16456
13,13,15357
15,15,7036
15,15,11853
6,6,15611
14,13,12796
13,13,7711
3,3,838
8,1,4487
12,2,17379
1,1,16473
11,11,7122
1,1,15917
13,13,10843
7,7,16121
5,5,3987
12,1,15769
7,7,7907
15,15,16939
15,15,605
10,10,1090
15,15,12482
9,9,13754
6,6,1339
3,3,17608
3,10,878
12,10,1097
9,9,9670
3,3,8165
3,3,2782
15,15,13127
6,6,13373
6,6,18054
2,2,14206
11,11,9248
12,14,7570
4,4,9283
8,8,16073
14,14,9027
13,13,9312
6,6,14391
13,13,7811
11,11,1871
14,14,13017
2,2,12182
6,6,9993
14,14,7703
10,10,1412
15,4,12216
14,7,17283
4,4,7804
15,15,3884
14,14,17107
6,6,16030
2,2,2142
7,7,14770
15,15,8831
15,13,4356
6,1,8202
7,7,229
3,3,14252
13,13,16257
7,7,910
2,10,1631
1,8,11914
6,4,11934
5,5,5957
9,13,1325
3,3,678
14,14,2553
5,5,15530
7,7,13906
10,10,3033
7,7,15499
14,14,8620
7,7,14283
5,5,4524
12,10,14042
7,7,9281
7,7,9951
1,1,12953
3,3,11307
4,4,7399
1,1,5062
9,9,17026
12,12,11164
11,11,10996
9,14,17521
3,3,7141
7,7,8127
1,10,700
6,9,16409
12,12,2606
14,14,4049
13,13,11351
12,12,171
11,11,16221
8,8,3535
10,10,9332
12,6,8714
6,11,2932
1,1,14760
10,1,17208
9,9,6888
3,3,10009
10,4,142
3,9,17915
15,3,3261
9,9,8340
4,4,11038
12,1,12656
3,3,5893
4,4,15882
7,7,13453
5,9,82
14,14,17932
15,15,1695
4,4,9647
1,1,13141
1,1,5174
1,1,4611
5,5,3236
15,15,11240
13,15,10584
10,5,12717
15,15,12800
15,15,4575
12,15,3596
8,8,3972
14,14,17554
5,5,3614
4,4,7115
4,4,10472
9,9,8959
14,14,11554
11,10,16463
8,8,11936
6,6,9414
14,2,8106
4,4,8381
6,10,15555
5,5,5554
12,12,2872
13,13,17206
13,13,7929
8,8,16403
14,14,8093
6,14,10786
15,15,1334
9,14,25
4,4,9571
8,8,13207
11,11,5599
6,6,13278
11,11,2403
8,8,5192
7,7,16323
6,6,11962
15,15,16486
2,2,1272
6,6,1177
8,8,3193
1,1,15598
4,4,7272
10,10,5680
12,12,16511
4,4,11123
13,13,16309
2,2,8898
7,7,4261
14,14,13002
11,11,712
12,12,16435
11,11,15718
11,11,4149
7,7,9822
11,11,5075
15,15,13691
15,15,7491
2,2,12842
2,2,4037
3,4,11246
10,10,7924
3,3,11295
9,14,13805
1,1,13179
9,9,2835
5,5,5587
7,7,5033
15,15,13817
5,7,5565
10,10,3544
14,5,11945
5,5,4453
10,13,11907
3,3,10868
15,15,17467
1,1,5635
14,14,9092
6,7,16311
2,3,7176
15,15,12190
8,8,2472
15,15,14076
8,8,3959
2,2,6698
3,3,3350
6,6,16295
14,14,12651
5,5,5679
15,15,3518
15,15,3808
14,4,11538
6,6,13880
3,3,14084
2,2,12993
4,14,9752
